price,year_sold,property_tax,insurance,beds,baths,sqft,year_built,lot_size,basement,restaurants,groceries,nightlife,cafes,shopping,entertainment,sports,median_age,married,college_grad,num_schools,property_type,exterior_walls,roof
295850,2013,234,81,1,1,584,2013,0,,107,9,30,19,89,6,58,33,65,84,3,Apartment / Condo / Townhouse,Wood Siding,
216500,2006,169,51,1,1,612,1965,0,1,105,15,6,13,87,2,14,39,73,69,3,Apartment / Condo / Townhouse,Brick,Composition Shingle
279900,2012,216,74,1,1,615,1963,0,,183,13,31,30,101,10,62,28,15,86,3,Apartment / Condo / Townhouse,Wood Siding,
379900,2005,265,92,1,1,618,2000,33541,,198,9,38,25,127,11,83,36,25,91,3,Apartment / Condo / Townhouse,Wood Siding,
340000,2002,88,30,1,1,634,1992,0,,149,7,22,20,83,10,73,37,20,75,3,Apartment / Condo / Townhouse,Brick,
265000,2004,168,58,1,1,641,1947,0,,146,10,23,27,86,9,52,28,15,86,3,Apartment / Condo / Townhouse,Brick,
240000,2011,176,61,1,1,642,1944,0,,159,13,36,17,92,12,50,28,36,88,3,Single-Family,Brick,
388100,2005,266,92,1,1,650,2000,33541,,198,9,38,25,127,11,83,36,25,91,3,Apartment / Condo / Townhouse,Wood Siding,
240000,2013,188,65,1,1,660,1983,0,,51,8,6,2,40,18,41,36,49,77,3,Apartment / Condo / Townhouse,Brick,
250000,2007,147,51,1,1,664,1965,0,,119,10,26,25,183,13,36,57,13,83,3,Apartment / Condo / Townhouse,Brick,
335000,2015,248,86,1,1,669,2006,0,,148,10,27,23,57,5,29,34,29,88,3,Apartment / Condo / Townhouse,Wood Siding,
376750,2006,262,90,1,1,673,2005,46609,,193,10,37,27,133,10,86,29,15,82,3,Apartment / Condo / Townhouse,Concrete Block,
210000,2006,147,44,1,1,680,1963,0,1,8,1,0,3,10,1,10,60,15,63,3,Apartment / Condo / Townhouse,Brick,Composition Shingle
289900,2005,195,68,1,1,685,1960,48787,,189,13,37,31,102,11,64,28,15,86,3,Apartment / Condo / Townhouse,Brick,
535000,2014,421,146,1,1,687,2008,0,,266,12,54,45,328,35,88,28,52,72,3,Apartment / Condo / Townhouse,Wood Siding,
218000,2009,188,57,1,1,689,1988,0,1,150,6,20,27,329,12,46,32,33,92,3,Apartment / Condo / Townhouse,Brick,Composition Shingle
400000,2016,276,96,1,1,689,2008,0,,198,9,38,25,126,12,84,29,15,82,3,Apartment / Condo / Townhouse,Wood Siding,
226000,2008,221,67,1,1,690,1997,0,1,60,3,9,15,156,3,12,36,47,83,3,Apartment / Condo / Townhouse,Brick,Composition Shingle
363700,2007,302,104,1,1,692,2007,0,,180,14,37,34,104,13,68,36,25,75,3,Apartment / Condo / Townhouse,Brick,
215000,2005,120,42,1,1,698,1963,0,,31,6,5,8,32,2,14,32,60,47,3,Apartment / Condo / Townhouse,Brick,
327000,2010,256,88,1,1,698,2005,9686,,146,7,22,20,79,10,74,27,21,94,3,Apartment / Condo / Townhouse,Concrete Block,
331100,2012,251,87,1,1,700,2005,9686,,146,7,22,20,79,10,74,27,21,94,3,Apartment / Condo / Townhouse,Concrete Block,
240000,2005,139,42,1,1,703,1992,0,1,82,6,7,8,45,6,13,30,46,36,3,Apartment / Condo / Townhouse,Wood,Composition Shingle
320000,2007,261,79,1,1,704,2005,0,1,99,8,8,11,103,4,34,31,30,99,3,Apartment / Condo / Townhouse,Brick,Composition Shingle
290800,2006,257,78,1,1,704,2006,0,1,99,9,8,11,103,4,34,31,30,99,3,Apartment / Condo / Townhouse,Brick,Composition Shingle
375000,2005,244,85,1,1,705,1985,0,,182,10,31,25,103,10,83,33,21,99,3,Apartment / Condo / Townhouse,Brick,
377000,2008,316,109,1,1,709,2005,111513,,213,13,44,30,108,11,88,33,40,96,3,Apartment / Condo / Townhouse,Wood Siding,
262500,2014,201,69,1,1,711,1944,0,,51,9,6,2,43,18,42,36,49,77,3,Apartment / Condo / Townhouse,Brick,
216250,2004,187,64,1,1,712,1944,0,,53,13,7,3,43,19,41,36,23,90,3,Single-Family,Brick,
270000,2005,218,66,1,1,722,1985,0,1,101,8,8,11,74,4,26,33,48,85,3,Apartment / Condo / Townhouse,Siding (Alum/Vinyl),Composition Shingle
235000,2009,278,85,1,1,723,2005,0,1,102,8,8,11,103,4,34,31,30,99,3,Apartment / Condo / Townhouse,Stucco,Other
225000,2009,118,41,1,1,724,1958,0,,122,11,27,25,183,12,36,57,13,83,3,Apartment / Condo / Townhouse,Brick,
370000,2011,306,106,1,1,725,2006,0,,198,9,38,26,127,11,83,36,25,91,3,Apartment / Condo / Townhouse,Wood Siding,
232000,2008,243,74,1,1,736,1998,0,1,31,3,7,8,77,1,11,36,47,83,3,Apartment / Condo / Townhouse,Brick,Composition Shingle
281900,2005,229,69,1,1,737,2000,0,1,109,9,7,17,97,5,31,32,34,50,3,Apartment / Condo / Townhouse,Brick,
355000,2006,298,103,1,1,740,2000,0,,201,11,40,28,131,10,85,36,25,91,3,Apartment / Condo / Townhouse,Brick,
350000,2009,291,101,1,1,741,2006,0,,198,9,38,26,127,11,83,36,25,91,3,Apartment / Condo / Townhouse,Wood Siding,
231900,2005,118,41,1,1,750,1964,0,,100,8,9,10,85,9,28,35,63,70,3,Apartment / Condo / Townhouse,Brick,
284000,2012,258,78,1,1,755,1996,0,1,41,5,3,4,46,2,16,40,64,77,3,Apartment / Condo / Townhouse,Brick,Composition Shingle
255000,2012,190,66,1,1,759,1959,0,,150,8,37,23,95,10,74,31,23,81,3,Apartment / Condo / Townhouse,Brick,
285850,2006,266,81,1,1,759,2006,0,1,99,9,8,11,103,4,34,31,30,99,3,Apartment / Condo / Townhouse,Brick,Composition Shingle
249298,2012,251,76,1,1,759,2012,0,1,49,6,4,5,33,1,25,27,38,35,3,Apartment / Condo / Townhouse,Siding (Alum/Vinyl),
380000,2011,291,101,1,1,760,1991,0,,192,17,40,31,112,11,77,31,13,84,3,Apartment / Condo / Townhouse,Brick,
244800,2011,190,66,1,1,767,1944,0,,54,11,7,4,55,16,41,34,44,90,3,Apartment / Condo / Townhouse,Brick,
397400,2005,345,119,1,1,771,2005,111513,,213,13,44,30,108,11,88,33,40,96,3,Apartment / Condo / Townhouse,Wood Siding,
345000,2007,284,98,1,1,781,2006,0,,54,8,6,3,48,16,44,33,35,72,3,Apartment / Condo / Townhouse,Wood Siding,
220000,2009,221,67,1,1,792,1987,0,1,31,5,4,4,33,0,11,35,50,82,3,Apartment / Condo / Townhouse,Brick,Gravel/Rock
279000,2014,286,87,1,1,796,1986,0,1,134,5,22,28,314,7,34,64,52,63,3,Apartment / Condo / Townhouse,Concrete,Gravel/Rock
286900,2006,184,56,1,1,797,2005,0,1,58,3,4,11,166,6,9,32,69,70,3,Apartment / Condo / Townhouse,Brick,Composition Shingle
220000,2015,184,56,1,1,800,1985,0,1,18,1,0,3,15,0,11,39,64,81,3,Apartment / Condo / Townhouse,Brick,Composition Shingle
305000,2005,150,49,1,1,805,1941,0,,46,8,6,3,51,15,37,36,37,80,3,Apartment / Condo / Townhouse,Brick,
409575,2006,302,104,1,1,805,2005,46609,,193,10,37,27,133,10,86,29,15,82,3,Apartment / Condo / Townhouse,Concrete Block,
300367,2007,261,79,1,1,805,2007,0,1,71,13,5,13,31,12,28,32,43,63,3,Apartment / Condo / Townhouse,Block,Roll Composition
230000,2007,172,60,1,1,809,1965,0,,48,7,3,9,49,2,48,40,41,90,3,Apartment / Condo / Townhouse,Brick,
270000,2005,190,58,1,1,810,1975,0,1,78,18,15,15,70,6,30,45,47,54,3,Apartment / Condo / Townhouse,Brick,
210000,2011,143,49,1,1,811,1969,0,,60,12,10,10,76,8,37,30,72,34,3,Apartment / Condo / Townhouse,Brick,
366700,2006,274,83,1,1,817,2004,0,1,124,12,10,15,111,12,41,32,32,88,3,Apartment / Condo / Townhouse,Brick,Composition Shingle
238600,2013,185,61,1,1,834,1992,0,,45,12,9,11,28,7,20,43,32,66,3,Apartment / Condo / Townhouse,Brick,
284900,2008,249,76,1,1,838,2007,0,1,71,13,5,13,31,12,28,32,43,63,3,Apartment / Condo / Townhouse,Block,Roll Composition
253000,2005,146,48,1,1,850,1974,0,,97,15,11,12,97,2,25,32,13,72,3,Apartment / Condo / Townhouse,Brick,
305000,2006,200,61,1,1,850,1984,0,1,66,11,5,11,24,5,15,56,24,66,3,Apartment / Condo / Townhouse,Brick,Gravel/Rock
280000,2005,180,55,1,1,850,1986,0,1,66,11,5,9,28,5,14,56,24,66,3,Apartment / Condo / Townhouse,Brick,Gravel/Rock
411000,2007,298,103,1,1,855,2006,0,,79,10,11,11,66,6,40,36,36,90,3,Apartment / Condo / Townhouse,Wood Siding,
270900,2005,167,58,1,1,856,2005,0,,65,8,6,7,51,6,35,33,16,72,3,Apartment / Condo / Townhouse,Wood Siding,
406250,2006,316,109,1,1,859,2000,0,,201,11,40,28,131,10,85,36,25,91,3,Apartment / Condo / Townhouse,Brick,
365000,2015,277,96,1,1,866,1989,0,,190,7,34,36,194,12,33,32,31,85,3,Apartment / Condo / Townhouse,Brick,
440000,2009,367,127,1,1,879,2008,0,,198,9,38,25,126,12,84,29,15,82,3,Apartment / Condo / Townhouse,Wood Siding,
250000,2005,125,43,1,1,880,1965,0,,64,8,6,7,51,8,33,37,42,57,3,Single-Family,Brick,
350100,2006,294,89,1,1,900,1947,18730,1,44,15,1,4,51,3,5,31,51,47,3,Single-Family,Stucco,Composition Shingle
250000,2011,198,68,1,1,900,1965,0,,119,10,26,25,183,13,36,57,13,83,3,Apartment / Condo / Townhouse,Brick,
305000,2005,258,78,1,1,902,1978,0,1,167,7,23,29,340,12,51,43,64,72,3,Apartment / Condo / Townhouse,Concrete,Gravel/Rock
200000,2007,180,54,1,1,914,1982,0,1,95,18,19,18,92,6,21,52,33,53,3,Apartment / Condo / Townhouse,Brick,Gravel/Rock
371500,2013,319,97,1,1,917,2007,0,1,71,13,5,13,31,12,28,32,43,63,3,Apartment / Condo / Townhouse,Block,Roll Composition
270000,2005,168,51,1,1,920,1978,0,1,33,5,4,5,29,2,17,34,66,72,3,Apartment / Condo / Townhouse,Brick,Composition Shingle
318000,2008,230,79,1,1,926,1973,0,,145,7,20,20,83,11,73,34,32,49,3,Apartment / Condo / Townhouse,Brick,
408400,2005,310,94,1,1,933,2005,0,1,102,8,8,11,103,4,34,31,30,99,3,Single-Family,Stucco,Other
325000,2005,180,54,1,1,934,1993,0,1,121,11,10,15,109,13,44,52,42,63,3,Apartment / Condo / Townhouse,Stucco,Composition Shingle
239000,2007,184,56,1,1,945,1984,0,1,21,3,1,5,28,3,13,48,40,59,1,Apartment / Condo / Townhouse,Brick,Composition Shingle
367500,2006,345,119,1,1,950,1986,0,,192,7,34,37,194,10,33,45,32,79,3,Apartment / Condo / Townhouse,Brick,
378000,2013,280,97,1,1,961,2006,0,,54,8,6,3,48,16,44,33,35,72,3,Apartment / Condo / Townhouse,Wood Siding,
269000,2006,241,73,1,1,966,1996,0,1,110,12,10,14,102,12,44,52,42,63,3,Apartment / Condo / Townhouse,Wood,Composition Shingle
245000,2007,163,49,1,1,999,1979,0,1,88,17,18,18,88,6,25,59,54,57,3,Apartment / Condo / Townhouse,Brick,
225000,2014,184,56,1,1,1005,1982,0,1,66,10,5,10,23,6,14,56,24,66,3,Apartment / Condo / Townhouse,Brick,Gravel/Rock
302000,2011,284,86,1,1,1014,1985,0,1,101,8,8,11,70,4,23,33,48,85,3,Apartment / Condo / Townhouse,Siding (Alum/Vinyl),Composition Shingle
387900,2005,310,94,1,1,1050,2005,0,1,102,8,8,11,103,4,34,31,30,99,3,Apartment / Condo / Townhouse,Stucco,Other
560000,2007,489,169,1,1,1092,1984,0,,194,6,35,39,193,10,35,46,37,90,3,Apartment / Condo / Townhouse,Brick,Asphalt
750000,2012,666,231,1,1,1322,2009,0,,266,10,53,47,320,35,94,28,52,72,3,Apartment / Condo / Townhouse,Wood Siding,
299700,2012,321,93,1,2,814,2008,96703,,75,11,10,8,91,5,40,45,60,71,3,Apartment / Condo / Townhouse,Wood Siding,Slate
779900,2014,612,212,1,2,1207,2012,0,,164,11,32,31,107,12,64,36,25,75,3,Apartment / Condo / Townhouse,Brick,
379000,2007,258,89,1,2,1489,1940,0,,37,6,5,4,45,10,25,39,41,83,3,Apartment / Condo / Townhouse,Brick,
225000,2006,192,58,2,1,768,1950,0,1,8,1,0,3,9,2,9,35,29,73,3,Apartment / Condo / Townhouse,Brick,Composition Shingle
230000,2004,196,59,2,1,793,1950,0,1,10,1,0,4,10,2,10,35,29,73,3,Apartment / Condo / Townhouse,Brick,Composition Shingle
328000,2005,219,76,2,1,800,1950,0,,74,15,13,11,51,18,42,33,35,87,3,Apartment / Condo / Townhouse,Brick,
407800,2005,309,107,2,1,803,2000,33541,,198,9,38,25,127,11,83,36,25,91,3,Apartment / Condo / Townhouse,Wood Siding,
470630,2006,313,108,2,1,814,2005,9686,,146,7,22,20,79,10,73,27,21,94,3,Apartment / Condo / Townhouse,Concrete Block,
270000,2015,340,103,2,1,816,1949,3846,1,43,9,4,6,24,0,11,38,63,46,3,Single-Family,Brick,Composition Shingle
359500,2009,282,93,2,1,835,1954,0,,38,9,5,4,51,9,29,31,58,93,3,Apartment / Condo / Townhouse,Brick,
355000,2012,265,92,2,1,836,1994,0,,56,7,9,6,64,6,41,36,36,90,3,Apartment / Condo / Townhouse,Brick,
283000,2006,182,63,2,1,845,1942,0,,148,12,20,13,88,13,49,44,20,74,3,Apartment / Condo / Townhouse,Brick,
378000,2015,319,106,2,1,864,1942,1296,1,70,9,14,13,59,5,45,35,47,32,3,Apartment / Condo / Townhouse,Brick,Roll Composition
255000,2007,242,62,2,1,870,1984,1306,,5,0,0,0,5,0,5,32,64,57,3,Apartment / Condo / Townhouse,,Composition Shingle
306000,2012,228,79,2,1,875,1950,0,,51,8,6,2,40,18,40,36,49,77,3,Apartment / Condo / Townhouse,Brick,
292999,2014,230,79,2,1,875,1950,1220551,,63,11,11,8,39,18,44,33,35,87,3,Apartment / Condo / Townhouse,Brick,
369900,2006,294,89,2,1,891,2004,0,1,124,12,10,15,111,12,41,32,32,88,3,Apartment / Condo / Townhouse,Brick,Composition Shingle
326000,2011,303,92,2,1,893,2003,0,1,114,9,10,16,101,10,41,32,32,88,3,Apartment / Condo / Townhouse,Brick,Composition Shingle
350000,2005,240,79,2,1,900,1941,0,,51,8,7,4,53,18,43,36,37,80,3,Apartment / Condo / Townhouse,Brick,
350000,2005,240,79,2,1,900,1941,0,,51,8,7,4,53,18,43,36,37,80,3,Single-Family,Brick,
396875,2005,250,87,2,1,912,1960,48787,,189,13,37,31,102,11,64,28,15,86,3,Apartment / Condo / Townhouse,Brick,
374900,2005,266,92,2,1,912,1983,0,,51,8,6,2,40,18,40,36,49,77,3,Apartment / Condo / Townhouse,Brick,
232150,2003,240,80,2,1,920,1941,0,,65,9,9,4,55,17,44,36,37,80,3,Apartment / Condo / Townhouse,Brick,
327000,2008,235,81,2,1,924,1961,0,,50,7,2,6,52,4,37,34,34,66,3,Apartment / Condo / Townhouse,Brick,
455900,2013,345,119,2,1,928,2013,0,,107,9,30,19,89,6,58,33,65,84,3,Apartment / Condo / Townhouse,Wood Siding,
290000,2006,244,84,2,1,930,1983,0,,51,9,6,2,45,18,42,36,49,77,3,Apartment / Condo / Townhouse,Brick,
301000,2005,204,62,2,1,930,1986,1135,1,92,8,7,9,47,5,17,31,74,59,3,Apartment / Condo / Townhouse,Siding (Alum/Vinyl),Composition Shingle
275000,2004,233,71,2,1,930,1988,1059,1,6,2,0,0,4,0,1,36,62,63,2,Apartment / Condo / Townhouse,Metal,Composition Shingle
531000,2011,414,143,2,1,931,2006,0,,193,14,42,28,114,11,89,33,40,96,3,Apartment / Condo / Townhouse,Wood Siding,
405000,2012,457,139,2,1,945,1955,14374,1,32,6,3,7,27,2,12,38,64,73,3,Single-Family,Brick,Composition Shingle
336000,2014,276,91,2,1,950,1941,0,,42,6,7,4,50,14,31,39,21,89,3,Apartment / Condo / Townhouse,Brick,
214000,2010,202,61,2,1,952,1964,0,1,129,8,22,25,318,7,34,36,42,67,3,Apartment / Condo / Townhouse,Brick,Composition Shingle
327500,2010,234,77,2,1,958,1941,0,,65,8,9,4,55,17,42,39,21,89,3,Apartment / Condo / Townhouse,Brick,
251489,2010,176,49,2,1,959,1930,4918,,1,0,0,0,4,0,0,43,60,36,3,Single-Family,Wood Shingle,
238900,2013,195,59,2,1,960,1963,0,1,72,9,8,9,100,10,25,40,68,73,3,Apartment / Condo / Townhouse,Brick,Composition Shingle
297000,2007,262,91,2,1,960,1964,0,1,173,11,38,30,106,10,72,32,24,82,3,Apartment / Condo / Townhouse,Brick,
235000,2014,204,62,2,1,960,1985,800,1,69,6,5,8,40,4,15,30,50,45,3,Single-Family,Siding (Alum/Vinyl),Composition Shingle
210000,2012,216,66,2,1,960,1989,1820,1,6,2,0,0,4,0,1,36,62,63,2,Apartment / Condo / Townhouse,Metal,Composition Shingle
215000,2010,147,51,2,1,966,1958,0,,96,11,12,7,38,8,34,36,40,81,3,Apartment / Condo / Townhouse,Brick,
285000,2013,258,78,2,1,966,1994,0,1,109,12,10,14,103,12,44,52,42,63,3,Apartment / Condo / Townhouse,Wood,Composition Shingle
239900,2006,200,61,2,1,976,1971,1120,1,95,6,10,6,42,2,24,32,83,31,3,Apartment / Condo / Townhouse,Brick,Composition Shingle
375500,2013,298,103,2,1,983,1984,0,,194,6,35,39,193,10,35,46,37,90,3,Apartment / Condo / Townhouse,Brick,
415000,2006,336,116,2,1,993,1984,0,,194,6,35,39,193,10,35,46,37,90,3,Single-Family,Brick,
230581,2007,164,42,2,1,996,1987,0,,72,3,10,10,136,7,23,35,89,59,3,Apartment / Condo / Townhouse,,Composition Shingle
400000,2006,254,77,2,1,1008,1987,1995,1,19,1,3,0,8,1,6,41,62,85,2,Apartment / Condo / Townhouse,Siding (Alum/Vinyl),Composition Shingle
420000,2005,295,98,2,1,1010,1954,0,,40,8,5,4,50,14,33,31,58,93,3,Apartment / Condo / Townhouse,Brick,
292000,2005,149,51,2,1,1011,1958,0,,96,11,12,7,38,8,34,36,40,81,3,Apartment / Condo / Townhouse,Brick,
200000,2003,353,117,2,1,1015,1930,1615,1,185,8,31,32,284,33,81,38,56,55,3,Single-Family,Brick,
226000,2010,201,69,2,1,1021,1961,0,,48,7,2,6,52,5,35,34,34,66,3,Apartment / Condo / Townhouse,Brick,
220000,2011,228,75,2,1,1024,2010,0,,76,7,19,14,39,7,33,44,40,28,3,Apartment / Condo / Townhouse,Masonry,
280000,2009,208,72,2,1,1032,1958,0,,128,11,29,25,184,15,41,57,13,83,3,Single-Family,Brick,
299900,2006,154,47,2,1,1032,1964,0,1,76,16,12,11,90,5,22,40,50,55,3,Apartment / Condo / Townhouse,Brick,Composition Shingle
204000,2015,201,69,2,1,1044,1961,0,,48,7,2,6,52,5,35,34,34,66,3,Apartment / Condo / Townhouse,Brick,
350000,2007,267,92,2,1,1062,1983,0,,43,7,6,2,23,18,42,33,35,87,3,Apartment / Condo / Townhouse,Brick,
228000,2014,184,56,2,1,1070,1972,0,1,34,2,0,3,25,6,20,47,51,77,3,Single-Family,Brick,Composition Shingle
300000,2005,179,54,2,1,1073,1972,0,1,21,3,1,5,13,3,12,43,22,67,3,Apartment / Condo / Townhouse,Brick,Composition Shingle
280000,2014,190,66,2,1,1083,1965,0,,132,9,13,15,79,9,49,55,23,42,3,Apartment / Condo / Townhouse,Brick,
305500,2008,303,105,2,1,1100,1960,0,,212,14,43,33,146,9,86,33,62,81,3,Apartment / Condo / Townhouse,Brick,
348500,2009,252,87,2,1,1103,1944,0,,48,12,6,2,48,19,41,36,23,90,3,Apartment / Condo / Townhouse,Brick,
210000,2001,220,67,2,1,1177,1975,0,1,78,18,15,15,70,6,30,45,47,54,3,Apartment / Condo / Townhouse,Brick,
250000,2006,143,49,2,1,1179,1964,0,,103,24,17,15,95,7,22,29,53,36,3,Apartment / Condo / Townhouse,Brick,
229000,2002,198,56,2,1,1185,1953,15681,1,0,0,0,0,4,0,1,43,60,36,3,Single-Family,Siding (Alum/Vinyl),
300000,2009,255,84,2,1,1188,1954,3001,1,29,7,3,3,36,1,15,34,68,36,3,Single-Family,Brick,Asphalt
220000,2014,188,57,2,1,1194,1979,0,1,88,17,18,18,88,6,25,59,54,57,3,Apartment / Condo / Townhouse,Brick,
275000,2013,231,70,2,1,1197,1972,1306,1,22,2,1,5,10,3,11,28,80,22,3,Apartment / Condo / Townhouse,Wood,Composition Shingle
312000,2012,295,89,2,1,1200,1950,0,1,8,1,0,3,9,2,9,35,29,73,3,Apartment / Condo / Townhouse,Brick,Composition Shingle
265000,2013,261,67,2,1,1240,1987,3484,1,67,4,4,11,162,3,24,35,50,66,3,Apartment / Condo / Townhouse,,Composition Shingle
265000,2013,261,67,2,1,1240,1987,3484,1,67,4,4,11,162,3,24,35,50,66,3,Single-Family,,asphalt
231525,2012,225,68,2,1,1242,1984,0,1,33,4,3,5,24,2,17,37,50,63,3,Apartment / Condo / Townhouse,Wood,Composition Shingle
239900,2007,217,66,2,1,1250,1983,0,1,39,15,7,4,35,0,7,35,44,80,3,Apartment / Condo / Townhouse,Stucco,Gravel/Rock
305000,2005,233,71,2,1,1288,1980,0,1,82,16,16,17,73,6,25,59,54,57,3,Apartment / Condo / Townhouse,Brick,
337600,2005,259,86,2,1,1296,1954,3001,1,28,7,3,3,33,1,15,34,68,36,3,Single-Family,Brick,Asphalt
248000,1994,475,158,2,1,1344,1880,1102,,144,8,28,26,260,26,59,52,66,81,3,Single-Family,Siding (Alum/Vinyl),Other
336900,2007,217,66,2,1,1346,1986,0,1,35,5,4,5,23,2,13,34,36,86,3,Apartment / Condo / Townhouse,Siding (Alum/Vinyl),Composition Shingle
225000,2000,515,171,2,1,1350,1954,1245,,141,7,28,26,259,25,58,52,66,81,3,Apartment / Condo / Townhouse,Brick,Roll Composition
585000,2013,446,155,2,1,1360,1983,0,,187,13,41,34,102,12,73,29,29,83,3,Apartment / Condo / Townhouse,Brick,
205000,2012,242,68,2,1,1526,2004,2478,1,4,1,0,0,1,0,5,29,88,73,1,Single-Family,Siding (Alum/Vinyl),
330000,2009,372,123,2,2,832,1943,1136,1,61,9,9,12,65,7,42,37,41,53,3,Apartment / Condo / Townhouse,Brick,Roll Composition
250000,2008,375,124,2,2,864,1942,1633,1,82,8,20,19,64,5,43,35,47,32,3,Apartment / Condo / Townhouse,Brick,Roll Composition
200000,2012,378,131,2,2,877,2000,0,,201,11,40,28,131,10,85,36,25,91,3,Apartment / Condo / Townhouse,Brick,
286499,2005,195,59,2,2,886,1981,0,1,19,3,1,5,28,3,13,48,40,59,1,Apartment / Condo / Townhouse,Brick,Composition Shingle
237500,2014,198,60,2,2,886,1982,0,1,19,3,1,5,28,3,13,48,40,59,1,Apartment / Condo / Townhouse,Brick,Composition Shingle
261000,2009,307,93,2,2,896,1951,3598,1,17,5,1,4,30,2,7,41,62,41,3,Apartment / Condo / Townhouse,Brick,Composition Shingle
277000,2009,269,82,2,2,899,2000,0,1,75,3,8,12,82,9,34,56,25,67,3,Apartment / Condo / Townhouse,Brick,Composition Shingle
425000,2008,468,162,2,2,910,1950,6023,1,60,10,4,7,61,5,30,39,86,81,3,Single-Family,Brick veneer,Shake Shingle
385000,2006,265,92,2,2,915,2005,183387,,146,8,16,20,74,11,58,30,46,41,3,Apartment / Condo / Townhouse,Brick,
275000,2008,286,87,2,2,930,1983,1625,1,27,6,1,3,22,5,15,35,55,73,3,Apartment / Condo / Townhouse,Siding (Alum/Vinyl),Composition Shingle
275000,2005,184,56,2,2,933,1990,0,1,80,7,7,7,42,6,15,33,62,51,3,Apartment / Condo / Townhouse,Siding (Alum/Vinyl),Composition Shingle
201953,2016,150,38,2,2,940,1986,0,1,80,4,3,13,173,2,37,30,49,33,2,Apartment / Condo / Townhouse,Siding (Alum/Vinyl),Composition Shingle
307500,2005,155,47,2,2,940,1988,0,1,32,3,0,7,86,3,10,35,69,80,3,Apartment / Condo / Townhouse,Brick,Composition Shingle
551400,2007,445,154,2,2,949,2007,0,,180,14,37,34,104,13,68,36,25,75,3,Apartment / Condo / Townhouse,Brick,
435000,2010,371,128,2,2,950,2005,46609,,193,10,37,27,133,10,86,29,15,82,3,Apartment / Condo / Townhouse,Concrete Block,
230000,2012,209,63,2,2,951,1988,0,1,49,6,6,5,47,5,17,39,37,55,3,Apartment / Condo / Townhouse,Siding (Alum/Vinyl),Composition Shingle
367000,2003,331,115,2,2,951,1994,0,,160,8,24,23,93,10,78,34,34,92,3,Apartment / Condo / Townhouse,Brick,
509500,2004,381,132,2,2,954,2000,0,,201,11,40,28,131,10,85,36,25,91,3,Apartment / Condo / Townhouse,Brick,
275000,2003,229,69,2,2,959,2002,0,1,98,7,7,10,95,4,33,33,71,84,3,Apartment / Condo / Townhouse,Brick,Composition Shingle
279537,2002,278,85,2,2,969,1988,0,1,117,6,17,17,243,11,42,32,33,92,3,Single-Family,Brick,Composition Shingle
499900,2005,360,124,2,2,970,2000,33541,,198,9,38,25,127,11,83,36,25,91,3,Apartment / Condo / Townhouse,Wood Siding,
315000,2013,295,90,2,2,980,1990,1206,1,40,4,4,2,30,4,8,35,49,84,2,Single-Family,Siding (Alum/Vinyl),Composition Shingle
299900,2012,274,83,2,2,980,1991,1104,1,39,5,4,2,31,3,9,35,49,84,2,Apartment / Condo / Townhouse,Siding (Alum/Vinyl),Composition Shingle
320000,2014,278,85,2,2,984,1947,3598,1,78,11,5,15,30,10,24,32,43,63,3,Apartment / Condo / Townhouse,Brick,Composition Shingle
279000,2005,180,54,2,2,986,1971,0,1,20,2,1,2,15,6,13,33,57,41,3,Apartment / Condo / Townhouse,Brick,Composition Shingle
386500,2011,316,109,2,2,992,1944,0,1,73,14,11,9,49,18,43,36,23,90,3,Apartment / Condo / Townhouse,Brick,
270000,2005,204,62,2,2,998,1989,0,1,40,3,1,7,129,3,10,35,69,80,3,Apartment / Condo / Townhouse,Brick,Composition Shingle
440000,2011,347,120,2,2,1000,1940,0,,42,7,6,4,47,16,31,39,41,83,3,Single-Family,Brick,
475000,2004,378,131,2,2,1000,1989,0,,177,8,31,23,94,10,81,29,11,94,3,Apartment / Condo / Townhouse,Brick,
278000,2008,282,86,2,2,1002,2006,0,1,72,1,8,11,75,9,30,43,61,86,3,Apartment / Condo / Townhouse,Brick,Composition Shingle
443000,2013,378,131,2,2,1005,1989,0,,175,8,31,23,94,10,80,29,11,94,3,Apartment / Condo / Townhouse,Brick,
290000,2013,245,74,2,2,1012,1995,0,1,12,2,1,3,15,3,10,39,33,74,3,Apartment / Condo / Townhouse,Brick,Composition Shingle
458900,2005,376,114,2,2,1025,2005,0,1,102,8,8,11,103,4,34,31,30,99,3,Apartment / Condo / Townhouse,Stucco,Other
615000,2015,453,157,2,2,1027,2008,0,,198,9,38,25,126,12,84,29,15,82,3,Apartment / Condo / Townhouse,Wood Siding,
225000,2008,184,56,2,2,1038,1991,0,1,82,5,8,8,45,6,13,30,46,36,3,Apartment / Condo / Townhouse,Wood,Composition Shingle
525000,2005,462,153,2,2,1040,1920,1341,,185,8,31,32,284,33,78,38,56,55,3,Single-Family,Siding (Alum/Vinyl),Roll Composition
315000,2006,196,59,2,2,1040,1990,0,1,80,7,7,7,42,6,15,33,62,51,3,Apartment / Condo / Townhouse,Siding (Alum/Vinyl),Composition Shingle
490000,2013,367,127,2,2,1041,2007,0,,147,10,28,24,57,5,28,34,29,88,3,Single-Family,Brick,
243000,2007,172,59,2,2,1044,1964,0,,99,23,17,15,90,7,30,34,56,25,3,Apartment / Condo / Townhouse,Brick,
250000,2007,204,62,2,2,1044,1986,0,1,18,2,1,6,19,1,4,39,72,62,3,Apartment / Condo / Townhouse,Siding (Alum/Vinyl),Composition Shingle
289500,2012,253,77,2,2,1045,1996,0,1,25,3,2,0,18,4,19,33,35,83,3,Apartment / Condo / Townhouse,Siding (Alum/Vinyl),Composition Shingle
249950,1996,158,55,2,2,1048,1992,0,,149,7,22,20,83,10,73,37,20,75,3,Apartment / Condo / Townhouse,Brick,
250000,2014,245,74,2,2,1050,1996,0,1,23,3,1,0,13,4,17,33,35,83,3,Apartment / Condo / Townhouse,Siding (Alum/Vinyl),Composition Shingle
345000,2005,245,74,2,2,1053,1993,0,1,12,2,1,3,14,3,10,39,33,74,3,Apartment / Condo / Townhouse,Brick,Composition Shingle
351500,2010,284,98,2,2,1056,2003,0,,49,4,9,2,21,20,42,30,34,70,3,Apartment / Condo / Townhouse,Wood Siding,
478089,2005,303,92,2,2,1069,1987,0,1,31,5,4,4,33,0,11,35,50,82,3,Apartment / Condo / Townhouse,Brick,Gravel/Rock
349181,2005,204,62,2,2,1070,1988,0,1,49,3,2,9,149,4,11,33,36,56,3,Apartment / Condo / Townhouse,Brick,Composition Shingle
300000,2008,301,92,2,2,1074,1987,0,1,31,5,4,4,33,0,11,35,50,82,3,Apartment / Condo / Townhouse,Brick,Gravel/Rock
218000,2013,191,58,2,2,1075,1986,0,1,0,0,0,0,3,0,1,41,69,77,3,Apartment / Condo / Townhouse,Siding (Alum/Vinyl),Composition Shingle
416900,2006,373,113,2,2,1075,2005,0,1,99,8,8,11,103,4,34,31,30,99,3,Apartment / Condo / Townhouse,Brick,Other
335000,2007,277,84,2,2,1077,1980,0,1,128,6,15,21,255,11,47,43,64,72,3,Apartment / Condo / Townhouse,Concrete,Built-up
225000,2011,241,73,2,2,1080,1985,1951,1,67,6,3,8,31,3,18,31,74,59,3,Apartment / Condo / Townhouse,Siding (Alum/Vinyl),Asphalt
316500,2010,282,86,2,2,1082,1993,0,1,117,11,10,15,103,13,44,52,42,63,3,Apartment / Condo / Townhouse,Stucco,Composition Shingle
535150,2007,432,149,2,2,1084,2007,0,,189,15,39,27,104,11,76,28,63,67,3,Apartment / Condo / Townhouse,Wood Siding,
405000,2014,298,103,2,2,1086,2003,0,,48,3,9,2,21,20,42,30,34,70,3,Apartment / Condo / Townhouse,Wood Siding,
620000,2007,525,182,2,2,1088,2006,0,,197,15,40,33,107,12,69,30,26,88,3,Apartment / Condo / Townhouse,Wood Siding,
545000,2006,432,150,2,2,1095,1986,0,,173,12,31,35,124,13,68,44,44,86,3,Apartment / Condo / Townhouse,Brick,
342500,2006,263,80,2,2,1098,1988,1314,1,90,8,6,9,48,5,16,33,57,74,3,Apartment / Condo / Townhouse,Siding (Alum/Vinyl),Composition Shingle
209000,2012,188,57,2,2,1100,1995,0,1,44,15,1,4,51,3,5,37,62,55,3,Apartment / Condo / Townhouse,Siding (Alum/Vinyl),Composition Shingle
243000,2007,204,62,2,2,1100,1997,0,1,44,16,1,4,56,3,6,37,62,55,3,Apartment / Condo / Townhouse,Siding (Alum/Vinyl),Composition Shingle
254000,2012,245,74,2,2,1102,1986,1307,1,63,5,5,6,36,4,15,30,50,45,3,Apartment / Condo / Townhouse,Metal,Composition Shingle
240000,2009,239,73,2,2,1104,2003,0,1,70,9,4,6,162,4,23,34,48,62,3,Apartment / Condo / Townhouse,Brick,Composition Shingle
265000,2012,258,78,2,2,1107,1990,0,1,50,5,2,5,21,0,12,31,62,32,3,Apartment / Condo / Townhouse,Siding (Alum/Vinyl),Composition Shingle
240000,2002,327,99,2,2,1108,1985,0,1,62,15,4,5,83,3,11,43,73,41,3,Apartment / Condo / Townhouse,Siding (Alum/Vinyl),Composition Shingle
250000,2010,228,69,2,2,1112,1974,0,1,67,3,11,13,113,3,15,41,22,75,3,Apartment / Condo / Townhouse,Brick,Composition Shingle
534625,2006,666,231,2,2,1112,2006,0,1,193,14,42,28,114,11,89,33,40,96,3,Apartment / Condo / Townhouse,Wood Siding,
313500,2006,204,62,2,2,1120,1997,0,1,44,16,1,4,56,3,6,37,62,55,3,Apartment / Condo / Townhouse,Siding (Alum/Vinyl),Composition Shingle
469900,2015,352,122,2,2,1123,2007,0,,147,10,28,24,57,5,28,34,29,88,3,Single-Family,Brick,
610000,2013,457,158,2,2,1128,2006,0,,198,9,38,26,127,11,83,36,25,91,3,Apartment / Condo / Townhouse,Wood Siding,
285000,2014,254,77,2,2,1130,1990,0,1,49,6,6,4,44,4,14,36,39,84,2,Apartment / Condo / Townhouse,Metal,Composition Shingle
296000,2013,258,78,2,2,1130,1992,0,1,53,7,6,5,49,6,17,44,71,63,3,Apartment / Condo / Townhouse,Metal,Composition Shingle
293815,2010,245,75,2,2,1130,1993,0,1,51,6,6,5,47,5,17,44,71,63,3,Apartment / Condo / Townhouse,Metal,Composition Shingle
290000,2015,335,102,2,2,1132,1978,0,1,167,7,23,29,340,12,51,43,64,72,3,Apartment / Condo / Townhouse,Concrete,Gravel/Rock
278000,2010,274,83,2,2,1134,1983,1511,1,19,3,1,5,13,3,13,43,22,67,3,Apartment / Condo / Townhouse,Siding (Alum/Vinyl),Composition Shingle
380000,2011,266,92,2,2,1135,2006,0,,70,9,7,2,27,19,42,33,29,81,4,Apartment / Condo / Townhouse,Wood Siding,
367500,2012,288,100,2,2,1135,2006,0,,73,8,8,3,26,19,42,33,29,81,4,Single-Family,Wood Siding,
325000,2008,327,99,2,2,1139,1985,0,1,104,8,8,12,72,4,24,33,48,85,3,Apartment / Condo / Townhouse,Siding (Alum/Vinyl),Composition Shingle
280000,2003,327,99,2,2,1141,1975,0,1,58,5,4,7,79,5,25,47,41,78,3,Apartment / Condo / Townhouse,Brick,Gravel/Rock
289900,2006,245,74,2,2,1145,2005,0,1,58,3,4,11,166,6,9,32,69,70,3,Apartment / Condo / Townhouse,Brick,Composition Shingle
290000,2003,265,81,2,2,1148,1998,0,1,82,8,5,8,89,4,32,33,71,84,3,Apartment / Condo / Townhouse,Brick,Composition Shingle
306755,2003,319,97,2,2,1149,1997,0,1,64,3,10,15,164,3,13,36,47,83,3,Apartment / Condo / Townhouse,Brick,Composition Shingle
295000,2004,241,73,2,2,1150,1974,0,1,87,5,11,18,215,5,20,41,22,75,3,Apartment / Condo / Townhouse,Brick,Composition Shingle
338000,2008,230,79,2,2,1150,2005,0,,65,8,6,7,51,6,35,33,16,72,3,Apartment / Condo / Townhouse,Brick,
305000,2013,268,81,2,2,1152,1995,0,1,35,3,3,1,20,4,19,33,35,83,3,Apartment / Condo / Townhouse,Brick,Composition Shingle
342900,2006,234,81,2,2,1152,2005,0,,65,8,6,7,51,6,35,33,16,72,3,Apartment / Condo / Townhouse,Brick,
410000,2006,352,122,2,2,1153,1994,0,,160,8,24,23,93,10,78,34,34,92,3,Apartment / Condo / Townhouse,Brick,
377400,2013,307,93,2,2,1155,2012,0,1,49,6,4,5,33,1,25,27,38,35,3,Apartment / Condo / Townhouse,Siding (Alum/Vinyl),
394000,2013,375,114,2,2,1158,2007,0,1,71,13,5,13,31,12,28,32,43,63,3,Apartment / Condo / Townhouse,Block,Roll Composition
370000,2012,368,112,2,2,1161,2005,0,1,76,3,8,12,79,9,34,56,25,67,3,Apartment / Condo / Townhouse,Brick,Roll Composition
326979,2011,223,77,2,2,1163,2005,0,,65,8,6,7,51,6,35,33,16,72,3,Apartment / Condo / Townhouse,Brick,
285000,2005,200,61,2,2,1166,1965,0,1,105,15,6,13,87,2,14,39,73,69,3,Apartment / Condo / Townhouse,Brick,Composition Shingle
245000,2009,213,64,2,2,1170,1984,0,1,98,18,18,18,93,8,20,52,33,53,3,Apartment / Condo / Townhouse,Brick,Gravel/Rock
315000,2004,237,72,2,2,1170,1997,0,1,39,6,3,3,37,6,15,40,51,72,3,Single-Family,Siding (Alum/Vinyl),Composition Shingle
255000,2010,249,76,2,2,1170,1998,0,1,40,6,3,3,37,5,15,40,51,72,3,Apartment / Condo / Townhouse,Siding (Alum/Vinyl),Composition Shingle
221500,2000,481,159,2,2,1178,1986,0,,174,8,31,30,269,28,71,34,44,42,3,Apartment / Condo / Townhouse,Brick,
275250,2003,270,82,2,2,1181,2003,0,1,67,8,3,7,121,6,22,34,58,76,3,Apartment / Condo / Townhouse,Metal,Composition Shingle
335000,2006,233,71,2,2,1184,1989,1167,1,86,8,6,8,47,5,16,33,57,74,3,Apartment / Condo / Townhouse,Siding (Alum/Vinyl),Composition Shingle
535000,2012,453,157,2,2,1184,2006,0,,198,9,38,26,127,11,83,36,25,91,3,Apartment / Condo / Townhouse,Wood Siding,
209480,2001,302,92,2,2,1188,2001,0,1,24,6,4,7,29,1,11,31,57,95,3,Apartment / Condo / Townhouse,Metal,Composition Shingle
230000,2015,252,64,2,2,1193,2007,0,,0,0,0,0,0,0,3,34,67,61,2,Apartment / Condo / Townhouse,,Composition Shingle
245000,2012,254,77,2,2,1195,1982,0,1,62,10,5,7,24,5,12,56,24,66,3,Apartment / Condo / Townhouse,Brick,Gravel/Rock
254900,2004,290,74,2,2,1195,2001,0,1,19,2,0,1,4,1,14,33,53,74,2,Apartment / Condo / Townhouse,,Composition Shingle
400000,2010,453,157,2,2,1200,1938,5000,1,93,10,13,6,39,7,31,41,57,50,3,Single-Family,Brick veneer,Slate
550000,2013,503,167,2,2,1200,1940,2744,1,141,6,26,26,244,25,50,38,29,90,3,Single-Family,Brick,Asphalt
399500,2012,322,107,2,2,1200,1954,0,1,38,8,5,4,51,10,28,31,58,93,3,Apartment / Condo / Townhouse,Brick,
242000,2010,258,78,2,2,1200,1985,1420,1,65,15,2,6,51,1,25,40,68,63,3,Apartment / Condo / Townhouse,Siding (Alum/Vinyl),Composition Shingle
236511,2004,276,71,2,2,1200,2001,0,1,19,2,0,1,5,2,16,33,53,74,2,Apartment / Condo / Townhouse,,Composition Shingle
385000,2011,407,118,2,2,1201,2008,96703,,75,11,10,8,91,5,40,45,60,71,3,Apartment / Condo / Townhouse,Wood Siding,Composition Shingle
229500,2002,288,99,2,2,1202,1965,0,,119,10,26,25,183,13,36,57,13,83,3,Apartment / Condo / Townhouse,Brick,
387000,2012,379,115,2,2,1204,1995,0,1,41,5,3,4,46,2,16,40,64,77,3,Apartment / Condo / Townhouse,Siding (Alum/Vinyl),Composition Shingle
295000,2005,218,66,2,2,1205,1987,0,1,44,5,4,7,46,3,13,31,61,38,3,Apartment / Condo / Townhouse,Siding (Alum/Vinyl),Composition Shingle
460000,2010,356,123,2,2,1205,2005,9686,,146,7,22,20,79,10,73,27,21,94,3,Apartment / Condo / Townhouse,Concrete Block,
450000,2006,388,134,2,2,1206,1985,0,,182,10,31,25,103,10,83,33,21,99,3,Apartment / Condo / Townhouse,Brick,
346631,2005,409,125,2,2,1215,2003,0,1,114,9,10,16,101,10,41,32,32,88,3,Apartment / Condo / Townhouse,Brick,Composition Shingle
380000,2011,441,134,2,2,1217,2005,0,1,96,6,11,15,98,14,40,52,42,63,3,Apartment / Condo / Townhouse,Brick,Other
279000,2003,327,99,2,2,1218,2001,0,1,24,6,4,7,29,1,11,31,57,95,3,Apartment / Condo / Townhouse,Metal,Composition Shingle
250000,2004,192,58,2,2,1220,1994,0,1,16,1,1,3,5,0,4,37,47,58,2,Apartment / Condo / Townhouse,Siding (Alum/Vinyl),Composition Shingle
203255,1999,368,112,2,2,1224,1999,1192,1,15,2,0,1,49,0,15,37,61,56,3,Apartment / Condo / Townhouse,Brick,Composition Shingle
295990,2004,254,77,2,2,1230,1997,0,1,35,2,6,5,36,0,6,36,61,64,3,Apartment / Condo / Townhouse,Siding (Alum/Vinyl),Composition Shingle
526275,2008,445,154,2,2,1242,2006,0,,198,9,38,26,127,11,83,36,25,91,3,Apartment / Condo / Townhouse,Wood Siding,
295000,2011,348,106,2,2,1242,2007,0,1,71,13,5,13,31,12,28,32,43,63,3,Single-Family,Block,Roll Composition
230000,2011,201,61,2,2,1244,1998,0,1,44,15,1,4,56,3,6,37,62,55,3,Apartment / Condo / Townhouse,Siding (Alum/Vinyl),Composition Shingle
617000,2010,540,187,2,2,1248,2008,0,,198,9,38,25,126,12,84,29,15,82,3,Apartment / Condo / Townhouse,Wood Siding,
485000,2007,439,152,2,2,1252,2006,0,,54,8,6,3,48,16,44,33,35,72,3,Apartment / Condo / Townhouse,Wood Siding,Other
295000,2005,193,54,2,2,1253,1992,0,,33,3,6,4,53,2,8,32,52,48,3,Apartment / Condo / Townhouse,,
345000,2006,245,74,2,2,1254,1998,0,1,79,9,4,9,184,6,25,33,66,83,3,Apartment / Condo / Townhouse,Brick,Shake Shingle
257000,2011,270,82,2,2,1256,1988,0,1,20,2,1,3,17,5,13,45,65,76,3,Apartment / Condo / Townhouse,Wood,Composition Shingle
299000,2012,262,80,2,2,1263,1997,0,1,99,17,18,18,93,8,19,44,26,70,3,Apartment / Condo / Townhouse,Other,Gravel/Rock
320000,2010,269,82,2,2,1270,1996,0,1,30,3,3,1,17,4,19,33,35,83,3,Apartment / Condo / Townhouse,Brick,Composition Shingle
319990,2011,299,91,2,2,1288,1991,0,1,50,1,4,7,163,4,12,40,40,74,3,Apartment / Condo / Townhouse,Brick,Composition Shingle
278000,2004,262,79,2,2,1293,1984,0,1,98,18,18,18,93,8,20,52,33,53,3,Apartment / Condo / Townhouse,Brick,Gravel/Rock
381000,2005,236,82,2,2,1294,1995,0,,82,5,8,10,48,7,29,45,46,69,3,Apartment / Condo / Townhouse,Combination,
442000,2011,409,142,2,2,1305,1987,0,,173,12,31,35,124,13,68,44,44,86,3,Apartment / Condo / Townhouse,Brick,
653000,2012,540,187,2,2,1305,2005,0,,202,14,43,30,114,11,89,33,40,96,3,Apartment / Condo / Townhouse,Brick,
550000,2004,479,159,2,2,1309,1980,759,,149,4,30,23,261,21,63,50,34,93,3,Single-Family,Brick,Asphalt
225000,2012,261,79,2,2,1316,1973,0,1,79,17,15,15,69,6,27,45,47,54,3,Apartment / Condo / Townhouse,Brick,
525000,2006,414,143,2,2,1320,1974,0,,204,11,40,28,134,10,79,36,25,91,3,Apartment / Condo / Townhouse,Brick,
289000,2014,270,82,2,2,1343,1982,0,1,95,18,19,18,92,6,21,52,33,53,3,Apartment / Condo / Townhouse,Brick,Gravel/Rock
371000,2009,368,112,2,2,1346,2004,0,1,101,9,7,18,100,5,31,32,34,50,3,Apartment / Condo / Townhouse,Brick,Other
250000,2012,245,69,2,2,1348,2004,0,,2,0,0,2,1,0,5,41,70,65,3,Apartment / Condo / Townhouse,,
330000,2013,274,83,2,2,1350,1993,2326,1,39,4,2,5,18,2,12,36,66,73,3,Apartment / Condo / Townhouse,Siding (Alum/Vinyl),Composition Shingle
318500,2006,242,68,2,2,1356,1999,0,1,12,2,0,0,5,2,7,34,88,36,2,Apartment / Condo / Townhouse,,Composition Shingle
267000,2010,237,72,2,2,1360,1967,0,1,4,1,2,0,11,1,1,44,77,56,3,Apartment / Condo / Townhouse,Brick,Composition Shingle
250000,2011,268,82,2,2,1360,1983,1500,1,13,6,0,3,22,0,6,42,66,56,3,Apartment / Condo / Townhouse,Siding (Alum/Vinyl),Composition Shingle
578324,2006,460,159,2,2,1376,2006,0,,54,8,6,3,48,16,44,33,35,72,3,Apartment / Condo / Townhouse,Wood Siding,
385000,2012,311,108,2,2,1383,1944,0,1,65,12,12,8,39,18,45,33,35,87,3,Apartment / Condo / Townhouse,Brick,
210835,1995,347,120,2,2,1388,1994,0,,56,7,9,6,67,6,41,36,36,90,3,Apartment / Condo / Townhouse,Brick,
274500,2012,242,73,2,2,1389,1979,0,1,88,17,18,18,88,6,25,59,54,57,3,Apartment / Condo / Townhouse,Brick,Other
254900,2009,220,67,2,2,1392,1986,0,1,23,3,1,5,12,3,13,43,22,67,3,Apartment / Condo / Townhouse,Wood,Composition Shingle
275000,2010,450,149,2,2,1400,1944,2945,1,137,6,23,25,180,19,73,37,40,70,3,Single-Family,Brick,Roll Composition
290000,2004,233,71,2,2,1413,1980,0,1,82,16,16,17,73,6,25,59,54,57,3,Apartment / Condo / Townhouse,Brick,
505000,2003,504,174,2,2,1420,1987,0,,173,12,31,35,124,13,68,44,44,86,3,Apartment / Condo / Townhouse,Brick,
299000,2013,270,82,2,2,1439,1982,0,1,95,18,19,18,92,6,21,52,33,53,3,Apartment / Condo / Townhouse,Brick,Gravel/Rock
271000,2012,245,75,2,2,1470,1986,0,1,35,5,4,5,24,3,16,34,36,86,3,Single-Family,Siding (Alum/Vinyl),Composition Shingle
490000,2009,464,154,2,2,1471,1997,0,,179,9,32,31,273,31,72,43,47,74,3,Apartment / Condo / Townhouse,Brick,
325000,2013,289,88,2,2,1474,1987,2278,1,4,2,0,0,1,1,9,41,71,58,3,Apartment / Condo / Townhouse,Siding (Alum/Vinyl),Composition Shingle
412000,2012,389,118,2,2,1476,2000,1335,1,47,6,6,4,43,4,13,34,76,73,2,Apartment / Condo / Townhouse,Siding (Alum/Vinyl),Composition Shingle
329900,2004,299,85,2,2,1477,2001,3049,1,22,3,4,6,49,0,7,64,46,59,3,Single-Family,Siding (Alum/Vinyl),Asphalt
281975,2007,240,47,2,2,1480,2007,0,,26,1,3,0,18,0,7,32,78,45,3,Apartment / Condo / Townhouse,,
215000,2012,233,71,2,2,1496,1971,2387,1,12,10,1,0,23,0,6,32,58,28,3,Apartment / Condo / Townhouse,Brick,Composition Shingle
589000,2005,380,132,2,2,1516,1981,0,,193,7,34,38,194,11,33,45,32,79,3,Apartment / Condo / Townhouse,Brick,
405490,2007,315,96,2,2,1522,1998,0,1,52,8,1,3,43,0,16,42,65,65,3,Apartment / Condo / Townhouse,Metal,Composition Shingle
475000,2005,360,124,2,2,1526,1982,0,,64,8,13,6,27,12,26,32,20,73,3,Apartment / Condo / Townhouse,Brick,
375000,2003,360,124,2,2,1530,1976,0,,115,9,23,25,182,11,32,57,13,83,3,Apartment / Condo / Townhouse,Brick,
455000,2006,374,114,2,2,1530,2000,0,1,43,3,5,4,39,8,22,33,60,82,3,Apartment / Condo / Townhouse,Metal,Composition Shingle
429900,2014,370,128,2,2,1623,1981,0,1,51,8,6,2,40,18,40,36,49,77,3,Apartment / Condo / Townhouse,Brick,
465000,2013,389,118,2,2,1638,1995,1875,1,11,2,0,2,13,1,7,40,69,84,3,Apartment / Condo / Townhouse,Siding (Alum/Vinyl),Composition Shingle
471850,2005,319,97,2,2,1640,1998,0,1,41,6,1,3,39,0,16,42,65,65,3,Apartment / Condo / Townhouse,Metal,Composition Shingle
337980,2001,578,176,2,2,1641,2001,0,1,83,5,9,12,85,11,35,56,25,67,3,Apartment / Condo / Townhouse,Brick,Gravel/Rock
625000,2005,525,174,2,2,1649,1938,6390,,63,7,10,8,57,10,46,45,80,75,3,Single-Family,Brick,Slate
462604,2005,249,70,2,2,1684,2005,0,,0,0,0,0,3,0,3,32,67,46,3,Apartment / Condo / Townhouse,,
395000,2005,401,122,2,2,1750,1996,2217,1,41,8,4,5,23,0,10,38,63,46,3,Apartment / Condo / Townhouse,Siding (Alum/Vinyl),Composition Shingle
575000,2012,632,184,2,2,1825,2006,0,1,79,12,10,8,93,5,39,33,55,71,3,Apartment / Condo / Townhouse,Wood Siding,Composition Shingle
289000,2012,308,87,2,2,1870,2002,5601,1,7,1,1,0,4,0,5,36,70,39,1,Single-Family,Siding (Alum/Vinyl),
740000,2009,720,249,2,2,2100,1981,0,,193,7,34,38,194,11,33,45,32,79,3,Apartment / Condo / Townhouse,Brick,
540000,2011,477,158,2,2,2310,1955,3062,1,174,6,27,32,234,29,80,35,57,79,3,Single-Family,Brick,Asphalt
225000,1999,442,135,2,2,2512,1995,2783,1,38,6,2,4,37,3,15,40,52,52,3,Apartment / Condo / Townhouse,Siding (Alum/Vinyl),Composition Shingle
601987,2005,513,132,2,2,2690,2005,3920,,7,2,1,1,5,0,4,36,66,79,3,Apartment / Condo / Townhouse,,Composition Shingle
250000,2013,286,73,2,3,1160,1995,1742,1,41,2,2,3,37,5,23,38,64,52,3,Apartment / Condo / Townhouse,,Composition Shingle
330000,2007,270,82,2,3,1200,1986,1350,1,4,0,2,1,8,0,1,34,75,65,3,Apartment / Condo / Townhouse,Metal,Composition Shingle
302000,2013,282,86,2,3,1260,1987,2280,1,4,2,0,0,2,1,9,41,71,58,3,Apartment / Condo / Townhouse,Siding (Alum/Vinyl),Composition Shingle
557000,2008,442,153,2,3,1296,1992,0,1,54,9,7,4,53,16,41,34,44,90,3,Apartment / Condo / Townhouse,Brick veneer,Composition Shingle
408000,2006,274,83,2,3,1314,1987,1440,1,21,3,0,5,40,3,9,35,69,80,3,Apartment / Condo / Townhouse,Siding (Alum/Vinyl),Composition Shingle
495000,2009,500,166,2,3,1600,1920,1165,1,183,8,31,32,282,31,77,42,61,86,3,Single-Family,Siding (Alum/Vinyl),
416000,2006,340,103,2,3,1667,1988,0,1,21,4,1,3,17,5,13,45,65,76,3,Apartment / Condo / Townhouse,Wood,Composition Shingle
538000,2014,465,154,2,3,1820,1986,784,1,192,8,32,33,291,33,79,31,34,78,3,Apartment / Condo / Townhouse,Brick,
335000,1995,714,237,2,3,1853,1977,1000,1,163,8,30,27,273,25,68,55,55,91,3,Apartment / Condo / Townhouse,Brick,
395000,2005,393,119,2,3,1925,1996,2219,1,41,8,4,5,23,0,10,38,63,46,3,Apartment / Condo / Townhouse,Siding (Alum/Vinyl),Shake Shingle
299940,2008,229,65,2,3,1942,2008,0,1,14,3,1,0,5,0,2,29,82,44,2,Apartment / Condo / Townhouse,Siding (Alum/Vinyl),Composition Shingle
300000,2009,348,106,2,3,2067,1986,1260,1,21,3,1,3,17,2,8,42,55,72,3,Apartment / Condo / Townhouse,Siding (Alum/Vinyl),Composition Shingle
399500,2010,322,107,2,3,2180,1975,0,1,68,15,16,16,59,7,21,52,65,82,3,Apartment / Condo / Townhouse,Brick,Asphalt
300000,2016,327,99,2,4,1377,1987,1200,1,18,0,1,2,27,0,5,35,76,48,3,Apartment / Condo / Townhouse,Metal,Shake Shingle
370000,2015,343,104,3,1,874,1921,11325,1,111,12,8,14,91,2,12,42,81,76,3,Single-Family,Asbestos shingle,Composition Shingle
200000,2015,286,87,3,1,876,1950,9047,1,24,6,0,5,24,4,22,40,85,25,3,Single-Family,Siding (Alum/Vinyl),Composition Shingle
455000,2005,392,119,3,1,884,1952,10001,1,106,7,15,21,239,5,23,29,75,45,3,Single-Family,Asbestos shingle,Composition Shingle
285000,2009,223,68,3,1,943,1950,0,1,8,1,0,3,9,2,9,35,29,73,3,Apartment / Condo / Townhouse,Brick,Composition Shingle
433150,2005,286,87,3,1,948,1951,7254,1,29,3,3,2,24,1,4,44,72,42,3,Single-Family,Siding (Alum/Vinyl),Composition Shingle
225000,2015,329,65,3,1,1008,1956,7274,,41,6,3,2,33,1,3,33,81,19,3,Single-Family,Siding (Alum/Vinyl),Asphalt
297000,2012,278,92,3,1,1024,1950,1245,,85,9,19,18,65,9,44,32,48,47,3,Apartment / Condo / Townhouse,Brick,
204000,2008,247,63,3,1,1102,1984,0,1,47,7,2,3,34,3,28,29,48,29,3,Apartment / Condo / Townhouse,,Composition Shingle
209400,2011,258,78,3,1,1120,1975,3994,1,36,2,1,6,22,8,21,28,80,22,3,Single-Family,Wood,Asbestos
306000,2006,225,68,3,1,1140,1984,1306,1,63,5,5,6,35,4,14,30,50,45,3,Apartment / Condo / Townhouse,Siding (Alum/Vinyl),Composition Shingle
375000,2015,340,103,3,1,1204,1956,11325,1,4,1,0,0,12,1,6,39,83,43,3,Single-Family,Brick,Composition Shingle
397555,2005,307,93,3,1,1210,1977,1398,1,31,4,3,4,24,2,15,37,50,63,3,Apartment / Condo / Townhouse,Siding (Alum/Vinyl),Other
325000,2011,336,102,3,1,1211,1954,16117,1,97,15,12,6,118,3,13,30,88,40,3,Single-Family,Brick,Composition Shingle
375000,2006,307,93,3,1,1220,1981,1260,1,18,2,0,3,19,3,12,39,64,81,3,Apartment / Condo / Townhouse,Brick,Composition Shingle
523000,2016,225,68,3,1,1220,1987,2325,1,63,3,5,4,34,4,8,34,76,54,3,Apartment / Condo / Townhouse,Siding (Alum/Vinyl),Composition Shingle
274500,2010,303,92,3,1,1224,1947,3600,1,80,12,6,16,38,10,22,32,43,63,3,Apartment / Condo / Townhouse,Brick,Composition Shingle
368000,2015,395,120,3,1,1260,1951,10267,1,4,2,1,0,9,2,1,43,84,70,3,Single-Family,Brick,Composition Shingle
330000,2005,238,72,3,1,1280,1970,1420,1,20,2,1,3,16,6,14,33,57,41,3,Apartment / Condo / Townhouse,Wood,Composition Shingle
300000,2010,274,83,3,1,1280,1984,1375,1,98,13,9,11,99,6,31,40,68,63,3,Apartment / Condo / Townhouse,Siding (Alum/Vinyl),Composition Shingle
275000,2005,167,47,3,1,1280,1984,1598,,51,10,4,4,85,4,9,35,52,42,3,Apartment / Condo / Townhouse,Brick,
340000,2005,274,83,3,1,1280,1985,1398,1,69,14,2,8,56,1,25,40,68,63,3,Apartment / Condo / Townhouse,Siding (Alum/Vinyl),Composition Shingle
497650,2004,540,187,3,1,1286,1947,8276,,47,9,2,4,45,4,31,40,54,80,3,Single-Family,Wood Siding,Composition Shingle
490000,2016,548,167,3,1,1301,1950,51400,1,77,8,7,17,83,6,24,38,87,78,3,Single-Family,Stucco,Composition Shingle
295000,2005,179,54,3,1,1302,1972,0,1,63,4,5,5,38,4,12,30,46,36,3,Apartment / Condo / Townhouse,Brick,Composition Shingle
650000,2012,511,177,3,1,1309,1952,7540,1,51,7,7,9,44,5,31,30,65,81,3,Single-Family,Brick veneer,Composition Shingle
580000,2010,526,174,3,1,1323,1920,3674,1,62,9,9,11,68,7,38,37,41,53,3,Single-Family,Siding (Alum/Vinyl),Asphalt
330000,2013,291,88,3,1,1368,1994,1340,1,18,2,0,0,23,1,7,40,68,50,2,Single-Family,Siding (Alum/Vinyl),Composition Shingle
299990,2007,241,73,3,1,1382,1985,1995,1,9,1,0,3,8,0,5,28,85,31,3,Apartment / Condo / Townhouse,Siding (Alum/Vinyl),Composition Shingle
389900,2013,348,106,3,1,1404,1956,11761,1,3,1,0,0,15,1,6,33,62,44,3,Single-Family,Brick,Composition Shingle
430000,2004,404,123,3,1,1506,1981,1746,1,8,1,0,1,12,0,10,48,66,85,3,Apartment / Condo / Townhouse,Wood,Metal
482413,2005,377,114,3,1,1520,1995,1400,1,67,3,11,9,123,6,12,38,81,65,3,Single-Family,Brick,Composition Shingle
325000,2005,299,84,3,1,1568,1954,14810,,44,2,8,3,65,7,18,30,65,69,3,Single-Family,Siding (Alum/Vinyl),
500000,2007,372,123,3,1,1618,1958,12196,1,46,7,5,6,60,2,10,40,83,82,3,Single-Family,Brick,Asphalt
656500,2007,522,181,3,1,1846,1954,6255,1,109,17,6,15,91,6,25,38,76,85,3,Single-Family,Brick veneer,Composition Shingle
296000,2000,430,131,3,1,1860,1995,1977,1,81,8,4,10,181,5,23,33,66,83,3,Single-Family,Brick,Composition Shingle
399000,2014,351,107,3,1,1928,1954,12632,1,60,13,4,2,46,3,8,31,91,17,3,Single-Family,Brick,Composition Shingle
200000,1995,771,224,3,1,2175,1940,9500,1,70,8,9,7,82,5,37,36,81,80,3,Single-Family,Siding (Alum/Vinyl),Composition Shingle
225870,1995,471,143,3,1,2622,1995,3010,1,35,5,3,4,32,2,14,34,76,73,2,Apartment / Condo / Townhouse,Brick,Composition Shingle
359000,2012,352,107,3,2,816,1948,3600,1,62,12,5,6,33,8,25,33,52,38,3,Single-Family,Brick,Composition Shingle
349900,2007,368,112,3,2,816,1949,3484,1,60,10,5,7,25,3,13,33,52,38,3,Apartment / Condo / Townhouse,Brick,shake-shingle
255000,2009,327,99,3,2,879,1950,9999,1,26,10,2,2,28,1,4,41,70,61,3,Single-Family,Siding (Alum/Vinyl),Composition Shingle
255000,2012,360,109,3,2,884,1964,3140,1,95,11,14,12,96,5,32,39,64,34,3,Single-Family,Metal,Composition Shingle
232500,2007,233,66,3,2,890,1954,25264,1,39,5,4,1,41,0,2,40,75,47,3,Single-Family,Siding (Alum/Vinyl),
405000,2014,309,107,3,2,922,1944,0,1,62,13,12,9,41,18,45,33,35,87,3,Apartment / Condo / Townhouse,Brick,
429900,2005,344,104,3,2,966,1980,5647,1,0,1,0,0,2,0,1,36,62,63,2,Single-Family,Siding (Alum/Vinyl),Composition Shingle
249600,2005,184,52,3,2,969,1988,1281,1,21,3,1,3,45,2,7,33,50,36,3,Apartment / Condo / Townhouse,Siding (Alum/Vinyl),Asphalt
299000,2011,336,102,3,2,972,1964,21780,1,38,8,3,6,47,1,9,42,76,25,3,Single-Family,Brick,Composition Shingle
246700,2012,245,74,3,2,997,1984,1119,1,30,10,1,1,19,3,3,32,45,47,3,Apartment / Condo / Townhouse,Siding (Alum/Vinyl),Composition Shingle
360000,2012,351,107,3,2,1009,1959,8925,1,96,7,15,13,84,6,15,45,61,42,3,Single-Family,Brick,Composition Shingle
349900,2007,278,85,3,2,1036,1954,3598,1,32,12,2,3,35,1,8,31,89,26,3,Apartment / Condo / Townhouse,Brick,Composition Shingle
280000,2005,211,59,3,2,1040,2013,14810,1,28,5,2,0,14,1,6,40,47,5,2,Single-Family,Siding (Alum/Vinyl),
350000,2014,308,94,3,2,1060,1983,1341,1,28,6,1,1,20,0,13,39,70,52,3,Apartment / Condo / Townhouse,Siding (Alum/Vinyl),Composition Shingle
339500,2006,180,55,3,2,1064,1988,0,1,32,3,0,7,86,3,10,35,69,80,3,Apartment / Condo / Townhouse,Brick,Composition Shingle
320000,2005,274,83,3,2,1084,1967,0,1,119,6,21,23,302,6,35,36,42,67,3,Apartment / Condo / Townhouse,Brick,Gravel/Rock
299000,2010,344,105,3,2,1092,1958,10545,1,26,1,3,3,56,1,4,37,70,36,3,Single-Family,Brick,Composition Shingle
305000,2008,319,97,3,2,1092,1958,10724,1,22,5,1,1,16,1,11,37,61,56,3,Single-Family,Brick,Composition Shingle
325900,2012,286,87,3,2,1100,1984,915,1,19,1,0,3,17,0,11,42,56,81,3,Apartment / Condo / Townhouse,Siding (Alum/Vinyl),Composition Shingle
310000,2004,406,134,3,2,1102,1956,2016,1,58,9,9,10,60,10,45,32,78,83,3,Apartment / Condo / Townhouse,Brick,Asphalt
358000,2013,323,98,3,2,1104,1990,1050,1,40,4,4,2,31,4,9,35,49,84,2,Apartment / Condo / Townhouse,Siding (Alum/Vinyl),Composition Shingle
200750,2008,249,76,3,2,1131,1977,0,1,38,2,3,5,64,2,18,40,75,57,3,Apartment / Condo / Townhouse,Wood,Composition Shingle
257600,2004,258,78,3,2,1144,1973,1502,1,21,3,1,5,13,3,13,41,73,60,3,Apartment / Condo / Townhouse,Stucco,Composition Shingle
280000,2013,310,80,3,2,1152,1963,8712,,25,7,1,0,15,2,12,35,69,25,3,Single-Family,,Composition Shingle
258000,2011,295,89,3,2,1178,1979,1398,1,0,0,0,0,2,0,0,36,83,66,3,Apartment / Condo / Townhouse,Siding (Alum/Vinyl),Composition Shingle
415000,2014,368,112,3,2,1200,1949,5227,1,22,10,1,3,29,1,2,41,70,61,3,Single-Family,Siding (Alum/Vinyl),Composition Shingle
339000,2009,359,109,3,2,1200,1953,8745,1,65,14,5,2,49,3,10,29,85,36,3,Single-Family,Brick,asphalt
249000,2001,368,112,3,2,1200,1953,9069,1,65,14,5,2,49,3,10,29,85,36,3,Single-Family,Brick,Composition Shingle
500000,2005,353,107,3,2,1208,1972,11761,1,14,1,0,0,7,1,6,43,90,69,3,Single-Family,Metal,Composition Shingle
345000,2012,397,121,3,2,1211,1954,10781,1,70,13,7,4,71,3,13,30,88,40,3,Single-Family,Brick,Composition Shingle
280000,2003,347,89,3,2,1214,2001,2178,1,14,2,3,4,19,1,12,32,67,70,3,Apartment / Condo / Townhouse,,Composition Shingle
285000,2008,278,84,3,2,1220,1982,2448,1,0,1,0,0,2,0,0,33,58,44,2,Apartment / Condo / Townhouse,Brick,Composition Shingle
439900,2006,359,109,3,2,1220,1983,2178,1,21,4,1,5,16,1,11,34,66,72,3,Apartment / Condo / Townhouse,Siding (Alum/Vinyl),Composition Shingle
428000,2014,364,111,3,2,1220,1984,1519,1,33,5,3,5,22,1,12,34,36,86,3,Apartment / Condo / Townhouse,Siding (Alum/Vinyl),Composition Shingle
417000,2014,368,112,3,2,1220,1984,1520,1,33,5,3,5,22,1,12,34,36,86,3,Apartment / Condo / Townhouse,Metal,Composition Shingle
410000,2006,327,99,3,2,1220,1985,1981,1,72,14,2,9,58,1,26,40,68,63,3,Apartment / Condo / Townhouse,Siding (Alum/Vinyl),Composition Shingle
525000,2005,430,131,3,2,1224,1942,7000,1,15,1,0,4,11,2,10,46,54,73,3,Single-Family,Stucco,Composition Shingle
392000,2013,341,118,3,2,1225,1954,16117,1,111,10,10,12,90,7,23,42,58,42,3,Single-Family,Combination,
252500,2004,209,59,3,2,1228,1987,2012,1,53,4,7,4,77,1,10,31,73,26,3,Apartment / Condo / Townhouse,Siding (Alum/Vinyl),
375000,2005,254,77,3,2,1232,1973,2639,1,16,6,1,3,26,0,6,33,82,47,3,Apartment / Condo / Townhouse,Brick,Composition Shingle
375000,2006,315,96,3,2,1232,1980,1540,1,11,2,0,4,7,2,7,39,87,73,1,Apartment / Condo / Townhouse,Siding (Alum/Vinyl),Composition Shingle
378000,2009,335,102,3,2,1240,1982,1306,1,76,10,11,9,89,4,30,39,64,34,3,Apartment / Condo / Townhouse,Metal,Composition Shingle
485000,2012,457,139,3,2,1254,1951,10737,1,12,2,0,7,6,0,5,47,66,62,3,Single-Family,Brick,Other
445900,2009,349,121,3,2,1258,2003,0,,48,3,9,2,21,20,42,30,34,70,3,Apartment / Condo / Townhouse,Wood Siding,
335000,2009,376,114,3,2,1260,1948,3598,1,54,10,4,7,22,2,11,33,52,38,3,Apartment / Condo / Townhouse,Brick,Composition Shingle
271000,2013,303,86,3,2,1260,1962,27007,1,0,0,0,0,0,0,0,48,76,47,3,Single-Family,Combination,
399900,2010,409,124,3,2,1267,1954,10519,1,30,5,2,3,21,1,7,44,79,47,3,Single-Family,Brick,Composition Shingle
275000,2010,340,103,3,2,1276,1955,11761,1,20,4,1,1,13,1,10,41,66,40,3,Single-Family,Brick,Composition Shingle
333000,2008,311,94,3,2,1280,1979,1999,1,24,5,1,1,19,0,13,36,75,64,3,Apartment / Condo / Townhouse,Brick,Composition Shingle
324000,2011,302,92,3,2,1280,1985,1441,1,16,1,1,4,19,2,13,39,72,60,1,Apartment / Condo / Townhouse,Siding (Alum/Vinyl),Composition Shingle
440000,2013,399,121,3,2,1285,1963,11761,1,6,1,1,0,22,0,6,39,80,44,2,Single-Family,Brick,Composition Shingle
575000,2016,528,161,3,2,1287,1945,14374,1,27,3,3,3,34,3,15,40,64,77,3,Single-Family,Metal,Shake Shingle
275000,2009,269,82,3,2,1296,1963,15681,1,19,10,1,1,20,0,5,31,79,30,3,Single-Family,Siding (Alum/Vinyl),Composition Shingle
425000,2014,381,116,3,2,1304,1978,8616,1,18,2,0,1,12,1,9,36,92,76,2,Single-Family,Siding (Alum/Vinyl),Composition Shingle
295000,2005,245,74,3,2,1304,1980,1446,1,89,5,9,5,34,2,13,32,83,31,3,Apartment / Condo / Townhouse,Wood,Composition Shingle
319900,2004,295,90,3,2,1320,1971,1400,1,10,2,0,1,10,3,7,46,78,77,3,Apartment / Condo / Townhouse,Brick,Composition Shingle
340000,2012,295,89,3,2,1320,1972,1400,1,18,3,1,4,14,3,13,46,78,77,3,Apartment / Condo / Townhouse,Brick,Composition Shingle
258000,2005,174,42,3,2,1320,1983,1650,1,36,4,2,2,60,6,13,32,82,29,3,Apartment / Condo / Townhouse,Siding (Alum/Vinyl),Asphalt
370000,2005,242,68,3,2,1320,1996,1599,1,71,8,10,5,99,1,12,31,73,26,3,Apartment / Condo / Townhouse,Brick,
700000,2005,548,167,3,2,1325,1939,7000,1,9,1,0,3,9,2,10,46,54,73,3,Single-Family,Stucco,
200000,2010,211,64,3,2,1330,1972,0,1,32,1,0,3,27,6,25,47,51,77,3,Apartment / Condo / Townhouse,Brick,Gravel/Rock
242990,2010,232,65,3,2,1330,2010,0,1,14,3,1,0,5,0,2,29,82,44,2,Apartment / Condo / Townhouse,Siding (Alum/Vinyl),
320000,2015,344,104,3,2,1331,1969,19166,1,73,13,3,6,57,2,22,34,71,55,3,Single-Family,Brick,Asphalt
319950,2007,324,83,3,2,1332,1995,2178,1,15,1,2,2,31,2,12,35,71,54,3,Apartment / Condo / Townhouse,,Asphalt
250000,2011,258,78,3,2,1332,2003,0,1,63,9,4,6,101,3,22,34,48,62,3,Single-Family,Brick,Composition Shingle
235000,2014,237,61,3,2,1334,1978,0,1,47,7,2,2,36,5,26,29,48,29,3,Apartment / Condo / Townhouse,,Composition Shingle
211500,2012,184,56,3,2,1338,1967,0,1,74,5,8,12,89,11,30,61,38,66,3,Apartment / Condo / Townhouse,Brick,Gravel/Rock
350000,2005,389,118,3,2,1340,1965,10497,1,6,1,0,1,6,0,8,38,80,49,3,Single-Family,Brick,Composition Shingle
209900,2014,202,57,3,2,1342,1970,2748,,30,1,5,2,40,0,6,37,60,54,3,Apartment / Condo / Townhouse,Brick,
390000,2013,344,105,3,2,1342,1985,1540,1,12,2,0,2,12,3,9,35,55,71,3,Apartment / Condo / Townhouse,Siding (Alum/Vinyl),Composition Shingle
416000,2006,332,81,3,2,1344,1984,12632,1,19,4,0,0,14,2,7,46,69,29,3,Single-Family,Siding (Alum/Vinyl),Asphalt
245000,2010,251,71,3,2,1348,1987,1599,1,22,4,3,3,28,0,12,29,63,51,3,Apartment / Condo / Townhouse,Siding (Alum/Vinyl),
236000,2008,286,81,3,2,1348,2006,1629,1,0,0,0,0,5,0,2,31,80,47,2,Apartment / Condo / Townhouse,Brick,
238500,2011,327,99,3,2,1350,1978,2757,1,0,0,0,0,2,0,0,36,83,66,3,Single-Family,Siding (Alum/Vinyl),Composition Shingle
440000,2011,409,124,3,2,1352,1974,22215,1,1,0,0,0,0,0,3,46,81,53,2,Single-Family,Metal,Composition Shingle
250000,2011,278,85,3,2,1360,1983,1498,1,13,6,0,3,22,0,6,42,66,56,3,Apartment / Condo / Townhouse,Siding (Alum/Vinyl),Composition Shingle
239900,2011,250,70,3,2,1360,1995,1559,1,57,4,7,4,71,5,12,29,80,24,3,Apartment / Condo / Townhouse,Siding (Alum/Vinyl),
325000,2007,245,75,3,2,1362,1963,0,1,8,1,0,3,10,1,10,60,15,63,3,Apartment / Condo / Townhouse,Brick,Composition Shingle
309900,2011,378,97,3,2,1368,2003,1742,1,11,1,3,1,14,3,7,29,78,73,3,Apartment / Condo / Townhouse,,Composition Shingle
293000,2014,255,78,3,2,1370,1984,2308,1,62,5,7,4,27,2,16,32,83,31,3,Apartment / Condo / Townhouse,Metal,Composition Shingle
459000,2005,359,109,3,2,1370,1992,1778,1,49,6,6,4,44,4,14,36,39,84,2,Apartment / Condo / Townhouse,Siding (Alum/Vinyl),Composition Shingle
297000,2009,311,94,3,2,1374,1994,1528,1,81,7,7,6,42,5,14,33,62,51,3,Apartment / Condo / Townhouse,Brick,Composition Shingle
249000,2001,359,109,3,2,1375,1994,1499,1,44,7,2,4,39,4,18,39,62,81,3,Apartment / Condo / Townhouse,Siding (Alum/Vinyl),Composition Shingle
455900,2013,352,107,3,2,1380,1990,1660,1,57,7,7,5,50,6,17,39,49,54,3,Single-Family,Siding (Alum/Vinyl),Composition Shingle
375490,2004,278,84,3,2,1380,1997,0,1,36,2,6,5,36,0,7,36,61,64,3,Apartment / Condo / Townhouse,Siding (Alum/Vinyl),Composition Shingle
375000,2013,388,134,3,2,1400,1938,7013,,90,9,17,5,36,22,48,32,49,46,3,Single-Family,Siding (Alum/Vinyl),Asphalt
271000,2005,192,58,3,2,1400,1972,0,1,78,3,13,10,65,4,12,41,75,56,3,Apartment / Condo / Townhouse,Brick,Composition Shingle
350000,2010,327,100,3,2,1400,1972,1400,1,11,2,0,2,9,3,12,35,55,71,3,Apartment / Condo / Townhouse,Brick,Composition Shingle
368253,2005,310,79,3,2,1400,2005,0,1,21,4,1,2,14,1,10,31,77,69,2,Apartment / Condo / Townhouse,,Composition Shingle
399000,2009,434,132,3,2,1404,1951,10001,1,12,2,0,7,7,0,6,47,66,62,3,Single-Family,Wood,Asphalt
290000,2010,377,115,3,2,1404,1959,9003,1,96,7,16,10,85,5,15,44,89,46,3,Single-Family,Brick,Composition Shingle
331000,2006,193,55,3,2,1408,1967,1542,1,42,6,1,3,29,2,7,32,64,41,3,Apartment / Condo / Townhouse,Brick,
300000,2008,356,91,3,2,1408,2000,1742,1,38,0,5,6,109,4,10,37,64,55,3,Apartment / Condo / Townhouse,,Composition Shingle
462330,2013,458,139,3,2,1418,2013,0,1,27,6,5,7,34,2,16,44,70,54,3,Apartment / Condo / Townhouse,Brick,
317500,2003,336,102,3,2,1421,1985,0,1,60,14,4,5,83,3,11,43,73,41,3,Apartment / Condo / Townhouse,Siding (Alum/Vinyl),Composition Shingle
209900,2015,286,81,3,2,1440,1963,12632,1,2,1,0,1,6,0,2,36,75,35,3,Single-Family,Siding (Alum/Vinyl),
299900,2008,295,90,3,2,1440,1988,1444,1,96,8,7,9,49,6,15,38,68,53,3,Apartment / Condo / Townhouse,Siding (Alum/Vinyl),Composition Shingle
347644,2016,318,97,3,2,1442,1974,1743,1,96,7,15,13,86,5,15,40,73,44,3,Single-Family,Wood,Composition Shingle
279900,2012,358,92,3,2,1444,1971,9147,,9,1,1,2,9,1,10,39,89,74,3,Single-Family,,Composition Shingle
385000,2011,277,96,3,2,1446,1965,0,,132,9,13,15,79,9,49,55,23,42,3,Apartment / Condo / Townhouse,Brick,
330000,2007,244,74,3,2,1452,1968,0,1,21,5,2,1,17,0,8,32,46,58,3,Apartment / Condo / Townhouse,Brick,Composition Shingle
360000,2007,299,91,3,2,1452,1974,1760,1,13,6,0,3,21,0,6,42,66,56,3,Single-Family,Stucco,Composition Shingle
455000,2015,389,118,3,2,1452,1981,1540,1,10,2,0,1,11,3,7,35,55,71,3,Apartment / Condo / Townhouse,Brick,Composition Shingle
324000,2015,325,99,3,2,1452,1992,2535,1,25,2,0,2,25,1,8,35,93,62,2,Apartment / Condo / Townhouse,Metal,Other
350000,2004,349,89,3,2,1452,1994,1742,1,3,0,0,0,1,0,7,40,92,79,3,Apartment / Condo / Townhouse,,Composition Shingle
400000,2005,348,106,3,2,1456,1984,1500,1,14,2,4,2,8,3,9,38,83,67,1,Apartment / Condo / Townhouse,Brick,Composition Shingle
262000,2012,308,87,3,2,1459,1975,52707,,1,0,1,0,1,1,1,37,86,41,3,Single-Family,Siding (Alum/Vinyl),Other
475000,2009,467,142,3,2,1468,1948,10175,1,41,6,2,2,26,1,7,42,71,20,3,Single-Family,Brick,Composition Shingle
420000,2014,504,153,3,2,1475,1954,9334,1,65,12,7,3,72,3,9,30,88,40,3,Single-Family,Brick,Asphalt
467000,2011,450,137,3,2,1483,2004,0,1,124,12,10,15,111,12,41,32,32,88,3,Apartment / Condo / Townhouse,Brick,Composition Shingle
440000,2005,307,93,3,2,1484,1986,1825,1,21,3,1,3,17,2,8,42,55,72,3,Apartment / Condo / Townhouse,Siding (Alum/Vinyl),Composition Shingle
309900,2011,323,98,3,2,1496,1979,2378,1,0,0,0,0,6,1,10,31,68,54,1,Apartment / Condo / Townhouse,Siding (Alum/Vinyl),Composition Shingle
444000,2005,295,90,3,2,1496,1981,1542,1,32,3,2,1,24,1,10,44,77,53,2,Apartment / Condo / Townhouse,Metal,Composition Shingle
345000,2007,327,99,3,2,1501,1980,1542,1,32,3,2,1,24,1,10,44,77,53,2,Apartment / Condo / Townhouse,Metal,Composition Shingle
400000,2011,368,112,3,2,1503,1951,10254,1,38,13,2,5,48,2,3,34,40,36,3,Single-Family,"Rock, Stone",Composition Shingle
223500,2003,255,84,3,2,1506,1975,0,,72,12,10,9,95,1,26,47,28,42,3,Apartment / Condo / Townhouse,Brick,
341500,2009,409,124,3,2,1508,1953,9827,1,7,1,0,3,10,2,7,41,62,41,3,Single-Family,Asbestos shingle,Composition Shingle
306000,2013,251,83,3,2,1510,1975,0,,72,12,10,9,95,1,26,47,28,42,3,Apartment / Condo / Townhouse,Brick,
438950,2006,385,117,3,2,1512,1977,2613,1,42,4,1,7,35,3,24,45,61,70,3,Apartment / Condo / Townhouse,Brick,Composition Shingle
340000,2008,286,87,3,2,1514,1997,0,1,70,10,3,8,93,5,24,34,58,76,3,Apartment / Condo / Townhouse,Wood,Composition Shingle
260000,2010,257,78,3,2,1518,1991,0,1,25,2,3,3,8,0,6,39,36,37,3,Apartment / Condo / Townhouse,Siding (Alum/Vinyl),Composition Shingle
415000,2014,352,107,3,2,1522,1989,1760,1,0,0,0,0,1,0,3,44,77,62,3,Apartment / Condo / Townhouse,Siding (Alum/Vinyl),Composition Shingle
345000,2012,317,96,3,2,1524,2006,0,1,31,13,0,5,41,2,2,41,70,61,3,Apartment / Condo / Townhouse,Siding (Alum/Vinyl),Composition Shingle
320000,2016,360,109,3,2,1532,1980,1812,1,10,1,1,0,9,0,8,36,75,64,2,Apartment / Condo / Townhouse,Brick,Composition Shingle
399900,2003,409,124,3,2,1534,1953,10023,1,67,14,4,6,95,3,17,43,73,41,3,Single-Family,Brick,Composition Shingle
228000,2010,269,69,3,2,1540,1972,1742,,4,0,1,0,4,1,8,34,82,35,3,Apartment / Condo / Townhouse,,Composition Shingle
239000,2010,266,68,3,2,1540,1973,1742,,3,0,1,0,4,1,3,34,82,35,3,Apartment / Condo / Townhouse,,Composition Shingle
310000,2012,307,87,3,2,1541,1977,87991,1,0,0,0,0,1,0,0,46,92,35,3,Single-Family,Siding (Alum/Vinyl),
415000,2011,430,131,3,2,1544,1996,1964,1,95,22,17,14,94,7,21,40,50,55,3,Apartment / Condo / Townhouse,Brick,Composition Shingle
385000,2009,359,109,3,2,1546,1993,1600,1,13,7,1,1,23,1,8,40,76,64,3,Apartment / Condo / Townhouse,Brick,Composition Shingle
325000,2007,433,132,3,2,1548,1950,16988,1,44,7,1,2,40,2,13,34,59,63,3,Single-Family,Brick,Composition Shingle
245000,1999,635,184,3,2,1550,1936,13939,1,132,16,16,17,109,6,37,48,60,77,3,Single-Family,Combination,Composition Shingle
324999,2014,284,86,3,2,1554,1954,3767,1,22,10,1,3,33,1,6,41,62,41,3,Apartment / Condo / Townhouse,Brick,Composition Shingle
469335,2004,524,159,3,2,1556,1986,1742,1,108,5,20,22,242,4,31,39,79,76,3,Apartment / Condo / Townhouse,Brick,Composition Shingle
607000,2007,562,171,3,2,1560,1950,20908,1,13,6,0,3,10,1,4,52,81,73,3,Single-Family,Wood,Gravel/Rock
460000,2005,397,121,3,2,1564,1977,9282,1,11,6,0,3,9,0,6,37,85,72,3,Single-Family,Siding (Alum/Vinyl),Composition Shingle
381000,2006,360,110,3,2,1574,1986,0,1,134,5,22,28,314,7,34,64,52,63,3,Apartment / Condo / Townhouse,Concrete,Gravel/Rock
305000,2007,228,64,3,2,1575,1983,1759,1,10,3,2,1,16,1,10,38,69,42,3,Apartment / Condo / Townhouse,Siding (Alum/Vinyl),
272500,2002,438,133,3,2,1582,1958,10890,1,0,1,1,0,3,0,1,45,80,80,3,Single-Family,Siding (Alum/Vinyl),Composition Shingle
395000,2013,426,129,3,2,1586,1972,13068,1,33,5,2,4,31,2,12,34,80,70,2,Single-Family,Metal,Asphalt
450000,2006,397,102,3,2,1590,1986,11325,1,47,3,3,4,51,2,13,38,78,51,3,Single-Family,,Asphalt
300000,2009,307,93,3,2,1593,1991,0,1,49,1,4,6,158,3,14,40,40,74,3,Apartment / Condo / Townhouse,Metal,Composition Shingle
243000,1998,409,125,3,2,1594,1998,1594,1,53,5,6,8,51,4,14,31,61,38,3,Apartment / Condo / Townhouse,Brick,Composition Shingle
449835,2008,344,104,3,2,1600,1994,2561,1,61,4,7,5,35,4,12,30,60,69,3,Apartment / Condo / Townhouse,Metal,Composition Shingle
214000,1997,425,129,3,2,1600,1996,1846,1,27,4,3,1,22,3,14,35,80,72,3,Apartment / Condo / Townhouse,Brick,Composition Shingle
290889,2010,294,83,3,2,1600,2010,1720,1,0,0,0,0,5,0,3,31,80,47,3,Apartment / Condo / Townhouse,Siding (Alum/Vinyl),
212000,2010,367,72,3,2,1614,1961,7013,1,5,2,0,1,4,0,4,31,68,17,3,Single-Family,Siding (Alum/Vinyl),
384900,2005,259,73,3,2,1614,1992,2688,1,52,4,8,4,70,3,9,29,80,24,3,Apartment / Condo / Townhouse,Siding (Alum/Vinyl),
428002,2006,324,98,3,2,1620,2006,0,1,32,13,0,5,42,2,2,29,58,21,3,Apartment / Condo / Townhouse,Siding (Alum/Vinyl),Composition Shingle
540000,2005,344,104,3,2,1621,2005,1120,1,17,1,1,1,26,0,2,34,77,71,3,Apartment / Condo / Townhouse,Siding (Alum/Vinyl),Composition Shingle
422000,2013,377,114,3,2,1624,2004,1057,1,16,4,0,2,14,0,6,34,62,72,3,Apartment / Condo / Townhouse,Siding (Alum/Vinyl),Other
218000,2003,307,93,3,2,1625,1974,1595,1,18,2,1,3,11,3,10,34,49,54,3,Apartment / Condo / Townhouse,Wood,Composition Shingle
289990,2009,286,73,3,2,1629,2009,0,,11,1,3,1,14,3,7,31,57,78,2,Apartment / Condo / Townhouse,,Asphalt
355000,2004,373,96,3,2,1632,1988,1742,1,28,1,2,1,32,3,11,36,83,74,3,Apartment / Condo / Townhouse,,Composition Shingle
499900,2005,469,156,3,2,1636,2000,2178,,69,9,14,12,60,9,49,37,41,53,3,Apartment / Condo / Townhouse,Brick,
265000,2009,368,94,3,2,1637,1988,6969,,4,1,0,2,9,2,5,37,69,60,3,Single-Family,,Composition Shingle
365000,2010,326,99,3,2,1638,1984,0,1,98,18,18,18,93,8,20,52,33,53,3,Apartment / Condo / Townhouse,Brick,Gravel/Rock
209900,2003,325,83,3,2,1640,1985,1742,1,0,0,0,0,4,0,1,36,80,67,3,Apartment / Condo / Townhouse,,Composition Shingle
347903,2004,319,97,3,2,1640,2004,1400,1,36,13,2,1,30,1,6,40,57,57,3,Apartment / Condo / Townhouse,Metal,Composition Shingle
297000,2009,352,107,3,2,1650,1955,10800,1,7,2,0,0,9,1,12,37,78,45,3,Single-Family,Brick,Shake Shingle
600000,2008,520,158,3,2,1654,1941,8102,1,110,19,6,13,86,3,19,28,71,37,3,Single-Family,Brick,Composition Shingle
450000,2007,409,124,3,2,1661,1979,1575,1,27,7,5,8,28,1,6,54,55,81,3,Single-Family,Brick,Composition Shingle
395000,2014,340,103,3,2,1661,1988,3057,1,7,0,3,1,5,2,2,34,73,73,3,Apartment / Condo / Townhouse,Siding (Alum/Vinyl),Composition Shingle
232600,2012,286,73,3,2,1662,1972,2614,,10,1,1,3,13,1,7,34,82,35,3,Apartment / Condo / Townhouse,,Composition Shingle
550000,2008,541,165,3,2,1672,1984,1734,1,30,5,3,4,29,2,15,33,53,71,3,Apartment / Condo / Townhouse,Brick,Asphalt
255000,2010,300,85,3,2,1672,2004,1803,1,0,0,0,0,6,0,0,31,80,47,2,Apartment / Condo / Townhouse,Siding (Alum/Vinyl),Asphalt
407200,2005,327,99,3,2,1674,1993,1842,1,9,1,0,3,7,0,5,32,78,58,3,Apartment / Condo / Townhouse,Siding (Alum/Vinyl),Composition Shingle
485000,2013,418,127,3,2,1682,1965,9456,1,30,10,1,4,32,1,4,41,70,61,3,Single-Family,Brick,Composition Shingle
226000,2009,300,77,3,2,1682,1991,1742,1,37,6,5,4,41,1,11,33,60,56,3,Apartment / Condo / Townhouse,,Composition Shingle
395000,2005,290,82,3,2,1682,2004,1808,1,0,0,0,0,6,0,0,31,80,47,2,Apartment / Condo / Townhouse,Siding (Alum/Vinyl),
389990,2004,286,81,3,2,1686,2004,2047,1,26,3,1,4,27,2,11,29,81,41,1,Apartment / Condo / Townhouse,Siding (Alum/Vinyl),
489000,2012,426,129,3,2,1691,1986,13939,1,7,2,0,1,14,0,8,40,76,64,3,Single-Family,Siding (Alum/Vinyl),Composition Shingle
247640,1999,434,132,3,2,1692,1999,1598,1,26,4,0,2,45,0,15,42,65,65,3,Apartment / Condo / Townhouse,Siding (Alum/Vinyl),Composition Shingle
525000,2006,352,107,3,2,1695,1982,0,1,66,10,5,10,23,6,14,56,24,66,3,Apartment / Condo / Townhouse,Brick,Gravel/Rock
525000,2012,471,163,3,2,1696,1941,5675,1,117,8,12,13,69,7,48,39,88,93,3,Single-Family,Brick veneer,Composition Shingle
271900,2008,290,88,3,2,1705,1979,0,1,88,17,18,18,88,6,25,59,54,57,3,Apartment / Condo / Townhouse,Brick,
679370,2013,594,181,3,2,1706,2013,1173,1,25,6,4,7,33,2,13,44,70,54,3,Apartment / Condo / Townhouse,Other,Composition Shingle
360000,2010,377,114,3,2,1708,2004,1899,1,29,3,2,3,15,2,6,34,62,72,3,Apartment / Condo / Townhouse,Brick,Composition Shingle
600000,2006,630,218,3,2,1710,1974,0,1,204,11,40,28,134,10,79,36,25,91,3,Apartment / Condo / Townhouse,Brick,
215570,2001,400,122,3,2,1722,1978,1977,1,25,4,1,5,15,1,12,34,66,72,3,Apartment / Condo / Townhouse,Brick,Gravel/Rock
450000,2008,450,137,3,2,1725,1996,2108,1,8,2,0,2,9,1,8,44,89,87,3,Apartment / Condo / Townhouse,Wood,Composition Shingle
342500,2010,319,97,3,2,1729,1962,15681,1,67,13,4,5,55,2,22,34,71,55,3,Single-Family,Siding (Alum/Vinyl),Composition Shingle
566700,2011,526,174,3,2,1734,1925,5519,1,51,6,8,9,54,7,38,42,66,77,3,Single-Family,Siding (Alum/Vinyl),Asphalt
430000,2004,404,123,3,2,1750,1981,1746,1,8,1,0,1,12,0,10,48,66,85,3,Apartment / Condo / Townhouse,Wood,Metal
319500,2003,337,112,3,2,1752,1997,1981,1,26,7,4,5,28,1,14,28,44,52,3,Apartment / Condo / Townhouse,Siding (Alum/Vinyl),
335655,2005,299,85,3,2,1760,2004,1790,1,13,1,1,1,8,2,6,32,78,57,3,Apartment / Condo / Townhouse,Brick,Composition Shingle
539900,2005,458,139,3,2,1768,1999,2545,1,60,7,8,6,58,6,14,39,49,54,3,Apartment / Condo / Townhouse,Brick,Composition Shingle
529600,2005,392,119,3,2,1770,1958,23086,1,14,6,1,1,13,0,5,50,89,60,3,Single-Family,Brick,Composition Shingle
446151,2011,428,142,3,2,1778,1994,1711,1,53,12,10,11,38,7,20,43,32,66,3,Single-Family,Brick,
285810,2010,305,78,3,2,1784,2010,0,,11,1,3,1,15,3,7,31,57,78,2,Apartment / Condo / Townhouse,,Composition Shingle
457091,2013,337,117,3,2,1786,1947,9270,,116,13,11,9,110,7,25,38,89,56,3,Single-Family,Siding (Alum/Vinyl),
429000,2012,392,119,3,2,1787,1993,2143,1,26,3,4,2,15,3,10,33,70,80,2,Apartment / Condo / Townhouse,Brick,asphalt
214900,2000,334,94,3,2,1793,1984,55756,1,2,1,0,0,2,0,1,45,91,61,3,Single-Family,Combination,
203000,1996,561,195,3,2,1800,1947,6943,1,109,18,6,14,94,6,29,36,80,84,3,Single-Family,Brick veneer,Composition Shingle
346000,2014,327,99,3,2,1800,1975,11325,1,6,1,0,0,7,1,8,37,79,75,3,Single-Family,Wood,Composition Shingle
630000,2006,594,181,3,2,1806,1959,20037,1,6,3,0,1,5,0,8,46,71,62,3,Single-Family,Brick,Composition Shingle
321610,2002,378,107,3,2,1806,2002,1372,1,17,1,1,3,17,0,7,41,70,65,3,Apartment / Condo / Townhouse,Siding (Alum/Vinyl),Composition Shingle
399900,2005,354,91,3,2,1810,1988,2178,1,14,1,0,1,25,4,8,32,82,45,3,Apartment / Condo / Townhouse,,Composition Shingle
340000,2007,360,71,3,2,1814,1999,2570,1,7,0,0,0,9,0,5,32,78,45,3,Apartment / Condo / Townhouse,Siding (Alum/Vinyl),
349900,1999,396,102,3,2,1823,1945,41817,1,29,1,2,5,37,1,14,40,77,68,3,Single-Family,,Composition Shingle
262000,2011,343,83,3,2,1828,1985,17424,1,2,0,0,0,9,2,10,41,89,61,3,Single-Family,Siding (Alum/Vinyl),Asphalt
365000,2007,319,97,3,2,1833,1978,2143,1,19,5,0,1,14,0,8,39,84,51,3,Apartment / Condo / Townhouse,Wood,Composition Shingle
291000,2012,290,82,3,2,1836,2005,2278,1,0,0,0,0,5,0,0,31,80,47,2,Apartment / Condo / Townhouse,Brick,
300000,2008,329,84,3,2,1840,1997,2613,1,21,4,1,2,14,1,10,31,69,61,2,Apartment / Condo / Townhouse,,Composition Shingle
345000,2006,327,99,3,2,1842,1975,0,1,78,18,15,15,70,6,30,45,47,54,3,Apartment / Condo / Townhouse,Brick,
325000,2008,329,84,3,2,1842,1995,5227,1,8,0,0,0,9,0,13,37,97,74,3,Apartment / Condo / Townhouse,,Composition Shingle
290000,2010,367,94,3,2,1848,1988,4792,1,6,2,0,1,10,2,5,37,69,60,3,Single-Family,,Composition Shingle
293000,2002,303,92,3,2,1854,1953,9565,1,68,14,7,3,52,3,10,29,85,36,3,Single-Family,Brick,Composition Shingle
247000,2010,274,78,3,2,1857,2003,2622,1,46,10,4,1,42,0,3,40,75,47,3,Apartment / Condo / Townhouse,Combination,
382921,2003,471,143,3,2,1858,2003,2242,1,22,1,4,0,18,1,9,40,68,70,2,Apartment / Condo / Townhouse,Metal,Composition Shingle
643000,2012,551,191,3,2,1862,1940,5344,1,55,9,3,6,46,6,36,41,57,78,3,Single-Family,Brick veneer,Composition Shingle
367139,2007,313,80,3,2,1864,2007,0,,11,1,3,1,15,3,7,31,57,78,2,Apartment / Condo / Townhouse,,Composition Shingle
309000,2008,392,119,3,2,1866,1953,10654,1,46,3,8,5,32,3,13,43,70,52,2,Single-Family,Brick,Composition Shingle
446000,2011,401,122,3,2,1875,1979,1540,1,63,3,6,8,79,12,30,41,56,74,3,Apartment / Condo / Townhouse,Brick,Composition Shingle
420000,2008,434,132,3,2,1878,1996,2178,1,8,2,0,2,9,1,6,44,89,87,3,Apartment / Condo / Townhouse,Wood,Composition Shingle
370000,2003,375,124,3,2,1884,1999,1821,1,28,6,0,4,33,5,26,35,54,72,3,Single-Family,Siding (Alum/Vinyl),
385000,2000,586,195,3,2,1885,1997,0,,123,9,19,22,128,20,47,36,37,80,3,Apartment / Condo / Townhouse,Brick,
450000,2010,390,129,3,2,1900,1998,1140,1,54,6,7,6,49,1,25,35,28,89,3,Apartment / Condo / Townhouse,Masonry,
279900,2002,377,114,3,2,1910,1989,1986,1,18,1,3,0,7,1,6,42,80,63,2,Apartment / Condo / Townhouse,Metal,Composition Shingle
496876,2005,402,103,3,2,1912,2005,1742,1,8,2,0,2,3,0,5,31,93,76,1,Apartment / Condo / Townhouse,,Composition Shingle
339900,2003,352,107,3,2,1918,1988,3057,1,7,0,3,1,5,2,2,34,73,73,3,Apartment / Condo / Townhouse,Siding (Alum/Vinyl),Composition Shingle
675000,2006,553,168,3,2,1920,1993,3049,1,22,1,1,2,21,0,6,40,73,86,3,Apartment / Condo / Townhouse,Brick,Composition Shingle
471500,2013,426,129,3,2,1934,1989,1556,1,46,2,2,9,158,6,9,38,56,75,3,Apartment / Condo / Townhouse,Brick,Wood Shake/ Shingles
565000,2014,464,161,3,2,1936,1952,6098,1,84,18,4,7,83,6,32,41,69,56,3,Single-Family,Brick veneer,Composition Shingle
400000,2002,683,237,3,2,1940,1953,14374,1,164,11,39,27,104,11,86,36,64,90,3,Single-Family,Brick veneer,Composition Shingle
445000,2016,411,125,3,2,1950,1951,9465,1,39,6,3,2,38,1,5,39,74,57,3,Single-Family,Siding (Alum/Vinyl),Composition Shingle
526000,2012,482,147,3,2,1984,2002,2141,1,79,8,4,9,180,6,23,34,58,76,3,Apartment / Condo / Townhouse,Siding (Alum/Vinyl),Composition Shingle
350000,2015,336,102,3,2,1988,1957,11325,1,7,1,1,0,23,1,7,37,81,34,3,Single-Family,Brick,Composition Shingle
474000,2005,392,101,3,2,2008,2002,3484,1,2,0,0,0,2,0,8,37,97,74,3,Apartment / Condo / Townhouse,,Composition Shingle
400000,2008,426,129,3,2,2008,2005,2040,1,26,3,1,3,13,1,7,34,91,59,2,Apartment / Condo / Townhouse,Brick,Composition Shingle
667000,2007,540,179,3,2,2014,1949,6272,1,56,7,9,3,23,15,39,33,47,45,3,Single-Family,Brick,Asphalt
489000,2003,611,212,3,2,2016,1975,6098,,38,5,7,5,47,6,34,30,65,81,3,Single-Family,Wood Siding,Composition Shingle
400000,2004,378,115,3,2,2017,1993,2561,1,26,3,4,2,15,3,10,33,70,80,2,Apartment / Condo / Townhouse,Brick,Composition Shingle
753000,2007,647,224,3,2,2030,1947,7000,1,10,3,1,3,16,7,18,41,78,81,3,Single-Family,Brick veneer,Slate
548000,2010,545,166,3,2,2036,2000,2000,1,52,6,6,10,90,5,22,39,85,55,3,Single-Family,Brick,Composition Shingle
310000,2011,352,100,3,2,2038,1975,43995,,0,0,0,0,0,0,1,36,81,49,3,Single-Family,Combination,
303000,2009,373,96,3,2,2038,2004,2613,1,12,0,2,3,16,0,9,32,64,57,3,Apartment / Condo / Townhouse,,Composition Shingle
395000,2005,277,78,3,2,2051,1983,7326,1,10,3,3,1,17,1,11,43,88,57,3,Single-Family,Siding (Alum/Vinyl),
482500,2013,375,124,3,2,2062,1998,1329,1,20,7,0,3,28,5,23,35,54,72,3,Apartment / Condo / Townhouse,Siding (Alum/Vinyl),
260000,2004,339,87,3,2,2076,1998,2178,1,0,0,0,0,0,0,4,30,94,84,3,Apartment / Condo / Townhouse,,Composition Shingle
270000,2014,278,84,3,2,2079,1979,0,1,88,17,18,18,88,6,25,59,54,57,3,Apartment / Condo / Townhouse,Brick,
545000,2014,463,141,3,2,2084,1951,12196,1,5,2,1,0,9,2,2,43,74,70,3,Single-Family,Brick,Shake Shingle
312000,2000,474,164,3,2,2089,1981,0,1,193,7,34,38,194,11,33,45,32,79,3,Apartment / Condo / Townhouse,Brick,
344000,2004,296,84,3,2,2097,2003,2966,1,7,1,1,0,3,0,5,36,70,39,1,Apartment / Condo / Townhouse,Siding (Alum/Vinyl),Asphalt
450000,2006,466,142,3,2,2100,1960,10572,1,0,0,1,0,3,1,3,40,86,74,3,Single-Family,Brick,Composition Shingle
320000,2007,300,77,3,2,2100,1993,2178,1,29,3,2,4,41,1,10,35,50,66,3,Apartment / Condo / Townhouse,,Composition Shingle
422500,2014,356,108,3,2,2102,1952,7535,1,41,8,2,6,29,6,25,40,85,25,3,Single-Family,Siding (Alum/Vinyl),Composition Shingle
365000,2002,413,137,3,2,2106,1981,1950,1,69,15,16,16,60,8,24,52,65,82,3,Apartment / Condo / Townhouse,Brick,
352500,2015,429,131,3,2,2112,1961,10497,1,41,14,2,4,58,3,5,43,74,70,3,Single-Family,Brick,Asphalt
615000,2013,537,163,3,2,2112,2000,2953,1,39,9,2,6,28,4,20,49,48,52,3,Apartment / Condo / Townhouse,Metal,Composition Shingle
451675,2005,402,103,3,2,2121,2005,2178,1,12,1,1,1,10,0,4,34,67,61,2,Apartment / Condo / Townhouse,,Composition Shingle
485000,2004,406,134,3,2,2128,1981,2542,1,69,15,16,16,61,8,24,52,65,82,3,Single-Family,Brick,
369000,2004,426,109,3,2,2130,2004,3484,1,12,1,1,1,13,0,4,31,67,79,2,Apartment / Condo / Townhouse,,Composition Shingle
600000,2008,647,224,3,2,2140,1990,7405,,126,8,29,16,47,11,40,45,61,83,3,Single-Family,Wood Siding,Composition Shingle
599900,2004,496,172,3,2,2146,1956,7148,,139,9,26,21,55,14,41,45,61,83,3,Single-Family,Brick veneer,Composition Shingle
699000,2005,515,171,3,2,2155,1995,1781,1,50,13,7,9,43,8,25,32,34,76,3,Single-Family,Brick,
279000,1999,569,173,3,2,2172,1993,2600,1,103,5,17,21,235,4,31,39,79,76,3,Apartment / Condo / Townhouse,Brick,Composition Shingle
590000,2008,554,192,3,2,2201,1955,7448,1,55,10,3,4,50,4,28,41,70,95,3,Single-Family,Brick veneer,Composition Shingle
327990,2004,264,74,3,2,2204,2004,2940,1,26,3,1,4,27,2,11,29,81,41,1,Apartment / Condo / Townhouse,Brick,
261885,2009,237,67,3,2,2215,2009,0,,19,2,1,5,25,2,9,32,84,48,2,Apartment / Condo / Townhouse,,
705000,2010,575,191,3,2,2220,1954,6098,1,41,6,7,4,46,13,30,34,57,72,3,Single-Family,Brick,Asbestos
284857,2000,500,152,3,2,2236,1999,1903,1,77,12,6,5,76,0,23,42,65,65,3,Apartment / Condo / Townhouse,Brick,Composition Shingle
395000,2006,321,91,3,2,2269,1988,3232,1,21,3,3,2,26,2,12,37,85,53,3,Apartment / Condo / Townhouse,Combination,
304320,2010,317,89,3,2,2296,2010,1981,1,2,0,0,0,6,0,1,31,80,47,3,Apartment / Condo / Townhouse,,
409900,2007,422,108,3,2,2313,2005,2613,1,0,0,0,0,0,0,3,34,67,61,2,Apartment / Condo / Townhouse,,Composition Shingle
261250,2015,356,108,3,2,2320,1959,21780,1,5,1,0,0,4,0,4,46,81,53,2,Single-Family,Siding (Alum/Vinyl),Composition Shingle
385000,2012,303,92,3,2,2328,2010,0,1,88,7,7,8,48,6,17,30,46,36,3,Apartment / Condo / Townhouse,Brick,Composition Shingle
359000,2011,299,91,3,2,2328,2011,0,1,88,7,7,8,49,6,17,30,46,36,3,Apartment / Condo / Townhouse,Brick,Composition Shingle
588000,2010,465,154,3,2,2370,2009,0,1,66,11,8,8,70,2,16,31,50,37,3,Apartment / Condo / Townhouse,Masonry,
340000,2012,370,104,3,2,2376,1981,51400,1,0,0,0,0,1,1,0,46,92,35,3,Single-Family,Combination,
250000,2009,245,69,3,2,2384,2009,0,,19,2,1,5,25,2,9,32,84,48,2,Single-Family,,Composition Shingle
646319,2001,778,237,3,2,2392,2001,1568,1,58,5,4,7,79,5,25,47,41,78,3,Apartment / Condo / Townhouse,Brick,Composition Shingle
772890,2013,688,209,3,2,2432,2012,2340,1,37,5,4,4,38,2,16,33,53,71,3,Apartment / Condo / Townhouse,Brick,Composition Shingle
505000,2010,471,143,3,2,2437,2005,1827,1,84,14,3,6,58,2,21,34,71,55,3,Apartment / Condo / Townhouse,Brick,Composition Shingle
653931,2007,467,142,3,2,2439,2007,1271,1,84,14,3,6,57,2,21,34,71,55,3,Apartment / Condo / Townhouse,Brick,Composition Shingle
305000,2014,277,78,3,2,2464,1994,2613,1,58,5,8,4,71,4,12,29,80,24,3,Apartment / Condo / Townhouse,Brick,
389000,2006,312,88,3,2,2490,2004,2609,1,14,1,1,1,14,1,7,28,76,42,3,Apartment / Condo / Townhouse,Brick,
333500,2013,325,83,3,2,2499,2009,0,,11,1,3,1,14,3,7,31,57,78,2,Apartment / Condo / Townhouse,,Composition Shingle
297283,2012,300,73,3,2,2500,2012,0,,39,5,8,3,46,13,13,40,62,32,3,Apartment / Condo / Townhouse,Siding (Alum/Vinyl),Asphalt
535000,2004,524,160,3,2,2526,1999,2591,1,34,7,1,5,25,4,23,49,48,52,3,Apartment / Condo / Townhouse,Siding (Alum/Vinyl),Composition Shingle
626934,2007,520,158,3,2,2539,2007,2979,1,61,2,5,11,166,6,10,32,69,70,3,Apartment / Condo / Townhouse,Brick,Asphalt
311370,2009,310,80,3,2,2552,2009,0,,0,0,0,0,1,0,3,34,67,61,2,Apartment / Condo / Townhouse,,Asphalt
332320,2012,337,87,3,2,2552,2012,0,,39,4,1,1,17,3,31,38,96,76,2,Apartment / Condo / Townhouse,,Composition Shingle
395841,2008,352,100,3,2,2564,2008,2922,1,0,0,0,0,1,0,1,33,76,56,2,Apartment / Condo / Townhouse,Brick,Composition Shingle
378672,2007,320,82,3,2,2591,2007,0,1,0,0,0,0,0,0,3,34,67,61,2,Apartment / Condo / Townhouse,,Composition Shingle
378672,2007,320,82,3,2,2591,2007,0,,0,0,0,0,0,0,3,34,67,61,2,Single-Family,,Composition Shingle
502000,2003,573,174,3,2,2600,1983,40510,1,7,2,0,2,10,2,8,44,86,90,3,Single-Family,Siding (Alum/Vinyl),Composition Shingle
452145,2005,322,91,3,2,2611,2005,5723,1,9,1,0,0,7,2,5,32,94,62,1,Apartment / Condo / Townhouse,Siding (Alum/Vinyl),Composition Shingle
254400,1997,606,156,3,2,2662,1973,260488,1,0,0,0,0,0,0,1,42,72,60,3,Single-Family,,Composition Shingle
699900,2001,1008,350,3,2,2665,1965,0,,128,11,29,25,188,12,37,57,13,83,3,Apartment / Condo / Townhouse,Brick,Composition
325344,2010,289,82,3,2,2700,2010,0,1,14,2,0,1,7,3,4,37,69,36,3,Apartment / Condo / Townhouse,,
497500,2000,871,302,3,2,2729,1991,2966,1,237,9,47,43,289,23,88,31,29,90,3,Apartment / Condo / Townhouse,Brick veneer,Composition Shingle
392235,2007,329,84,3,2,2766,2007,0,,11,1,3,1,15,3,7,31,57,78,2,Apartment / Condo / Townhouse,,Composition Shingle
280000,2000,606,185,3,2,2796,1972,3120,1,59,5,4,7,79,5,26,50,57,77,3,Apartment / Condo / Townhouse,Brick,Composition Shingle
401195,2007,317,89,3,2,2821,2007,4578,1,7,1,1,0,4,0,4,40,83,52,1,Single-Family,Siding (Alum/Vinyl),
465000,2016,573,174,3,2,2872,1971,13503,1,1,0,1,0,2,0,3,47,81,79,3,Single-Family,Wood,Composition Shingle
387500,1994,1511,524,3,2,2875,1981,0,,193,7,34,38,194,11,33,45,32,79,3,Apartment / Condo / Townhouse,Brick,
760000,2004,594,181,3,2,2900,2004,3484,1,23,3,1,6,22,1,9,40,87,63,3,Apartment / Condo / Townhouse,Brick,Composition Shingle
525000,2004,471,143,3,2,2952,1999,1920,1,37,6,2,4,38,3,20,56,58,54,3,Apartment / Condo / Townhouse,Metal,Composition Shingle
462790,2004,436,112,3,2,3040,2004,3484,1,24,1,5,0,12,1,13,40,80,66,3,Apartment / Condo / Townhouse,,Composition Shingle
544000,2003,647,197,3,2,3050,1957,15245,1,7,1,0,3,10,2,10,47,80,81,3,Single-Family,Brick,Asbestos
376968,2012,367,104,3,2,3102,2012,3162,1,5,0,1,0,3,2,3,40,88,65,2,Apartment / Condo / Townhouse,Brick,Composition Shingle
370000,2003,352,100,3,2,3187,1975,160736,1,0,0,0,0,0,0,0,46,92,35,3,Single-Family,Combination,
425000,2001,963,293,3,2,3194,1900,23522,1,30,2,1,1,6,0,7,36,61,61,3,Single-Family,Wood,Slate
495900,2007,509,131,3,2,3416,1986,140263,1,0,0,0,0,0,0,1,54,72,60,3,Single-Family,,Composition Shingle
519900,2004,523,134,3,2,3477,1988,8712,1,35,1,2,1,42,4,15,32,82,45,3,Single-Family,,Wood Shake/ Shingles
275000,2008,363,93,3,3,500,1998,2613,1,15,2,2,1,25,1,7,32,96,70,3,Apartment / Condo / Townhouse,,Composition Shingle
575000,2005,516,157,3,3,962,1956,10580,1,19,4,1,4,15,1,5,44,79,47,3,Single-Family,Siding (Alum/Vinyl),Composition Shingle
212000,2002,303,92,3,3,1080,1988,1995,1,18,1,3,0,8,1,5,41,62,85,2,Single-Family,Siding (Alum/Vinyl),Composition Shingle
342000,2004,307,93,3,3,1116,2000,937,1,19,14,1,0,36,1,5,37,82,63,3,Apartment / Condo / Townhouse,Siding (Alum/Vinyl),Composition Shingle
619000,2014,573,174,3,3,1137,1977,38332,1,1,0,0,0,2,0,5,42,87,92,3,Single-Family,Metal,Composition Shingle
290000,2008,360,110,3,3,1163,1943,7200,1,60,12,5,4,60,2,11,43,72,65,3,Single-Family,Brick,Composition Shingle
370000,2005,269,82,3,3,1170,1985,1200,1,12,5,1,1,26,0,5,35,76,48,3,Apartment / Condo / Townhouse,Siding (Alum/Vinyl),Composition Shingle
451000,2005,393,119,3,3,1188,1979,1568,1,90,8,7,11,102,5,34,46,70,77,3,Apartment / Condo / Townhouse,Siding (Alum/Vinyl),Composition Shingle
385500,2005,326,99,3,3,1220,1983,1300,1,31,6,2,5,30,5,18,35,55,73,3,Apartment / Condo / Townhouse,Siding (Alum/Vinyl),Shake Shingle
295000,2010,344,105,3,3,1220,1987,2269,1,39,7,3,2,28,4,13,35,80,72,3,Apartment / Condo / Townhouse,Metal,Composition Shingle
235000,2011,301,92,3,3,1226,1992,1498,1,7,1,0,2,5,0,4,44,72,44,3,Apartment / Condo / Townhouse,Siding (Alum/Vinyl),Composition Shingle
343000,2008,295,89,3,3,1240,1998,1400,1,61,4,6,5,36,4,10,30,60,69,3,Apartment / Condo / Townhouse,Siding (Alum/Vinyl),Composition Shingle
355000,2015,430,131,3,3,1247,1959,10754,1,23,4,0,3,21,3,21,49,48,52,3,Single-Family,Brick,Composition Shingle
425000,2006,245,75,3,3,1280,1972,1589,1,70,4,13,7,62,0,10,44,89,46,3,Apartment / Condo / Townhouse,Brick,Composition Shingle
335000,2016,410,125,3,3,1280,1975,1424,1,20,5,1,3,24,2,15,35,70,73,3,Apartment / Condo / Townhouse,Metal,Composition Shingle
332271,2015,307,93,3,3,1280,1984,1500,1,42,1,2,6,138,4,9,33,42,67,3,Apartment / Condo / Townhouse,Siding (Alum/Vinyl),Composition Shingle
332000,2016,258,78,3,3,1280,1986,1340,1,18,2,0,0,21,0,7,40,68,50,2,Apartment / Condo / Townhouse,Siding (Alum/Vinyl),Composition Shingle
335000,2012,326,99,3,3,1290,1980,1585,1,20,3,2,3,20,0,5,36,66,49,3,Apartment / Condo / Townhouse,Brick,Composition Shingle
320000,2004,307,93,3,3,1294,1984,1441,1,11,2,0,4,13,2,14,39,72,60,1,Apartment / Condo / Townhouse,Metal,Shake Shingle
435000,2005,299,91,3,3,1300,1986,2178,1,16,1,1,4,19,2,13,39,72,60,1,Apartment / Condo / Townhouse,Metal,Composition Shingle
205000,2014,284,56,3,3,1300,2005,0,,9,1,1,0,11,0,7,32,78,45,3,Apartment / Condo / Townhouse,,Shake Shingle
375000,2007,314,95,3,3,1320,1978,1400,1,26,5,1,1,18,0,12,39,84,51,3,Apartment / Condo / Townhouse,Siding (Alum/Vinyl),Composition Shingle
236500,2003,306,93,3,3,1328,1981,1542,1,11,2,0,4,8,2,9,39,87,73,1,Apartment / Condo / Townhouse,Siding (Alum/Vinyl),Composition Shingle
622500,2005,523,159,3,3,1360,1969,1750,1,55,6,3,10,70,5,29,37,80,86,3,Apartment / Condo / Townhouse,Brick,Composition Shingle
398000,2005,122,37,3,3,1360,1975,1520,1,44,14,1,4,55,2,5,34,40,36,3,Single-Family,Brick,Composition Shingle
530000,2006,408,135,3,3,1360,1990,1880,1,30,7,1,5,27,7,28,31,56,75,3,Single-Family,Brick,
310000,2010,336,102,3,3,1366,1998,0,1,85,8,5,8,94,4,33,33,71,84,3,Apartment / Condo / Townhouse,Brick,Composition Shingle
249000,2008,298,91,3,3,1368,1987,2356,1,129,14,9,10,78,8,37,37,69,48,3,Apartment / Condo / Townhouse,Siding (Alum/Vinyl),Composition Shingle
295000,2008,319,97,3,3,1392,1978,1520,1,13,1,0,0,7,3,12,28,84,58,3,Apartment / Condo / Townhouse,Brick,Composition Shingle
329900,2004,314,81,3,3,1406,2001,0,1,20,2,0,1,4,1,14,33,53,74,2,Apartment / Condo / Townhouse,,Asphalt
330000,2010,340,103,3,3,1408,1974,1868,1,19,2,2,1,21,0,9,46,94,54,3,Apartment / Condo / Townhouse,Brick,Composition Shingle
300000,2015,356,108,3,3,1408,1977,1650,1,11,2,1,1,16,1,9,41,76,56,3,Apartment / Condo / Townhouse,Brick,Composition Shingle
310000,2005,344,105,3,3,1408,1980,1542,1,11,2,0,4,8,2,7,39,87,73,1,Apartment / Condo / Townhouse,Brick,Composition Shingle
323000,2007,349,89,3,3,1408,1989,2613,1,37,6,5,4,41,1,11,29,69,50,3,Apartment / Condo / Townhouse,,Composition Shingle
253000,2013,244,69,3,3,1420,1991,1599,1,46,2,6,4,62,3,9,29,80,24,3,Apartment / Condo / Townhouse,Siding (Alum/Vinyl),Asphalt
517500,2005,385,117,3,3,1428,1990,1650,1,26,3,5,2,14,3,9,33,70,80,2,Apartment / Condo / Townhouse,Brick,Composition Shingle
340000,2007,302,92,3,3,1440,1985,2442,1,98,14,9,12,101,8,32,40,68,63,3,Apartment / Condo / Townhouse,Siding (Alum/Vinyl),Shake Shingle
313540,2010,336,102,3,3,1450,1994,1392,1,16,3,1,1,12,1,5,32,57,75,2,Apartment / Condo / Townhouse,Brick,Composition Shingle
360000,2008,360,109,3,3,1451,1992,1759,1,16,0,1,2,25,0,4,33,82,47,3,Apartment / Condo / Townhouse,Brick,Composition Shingle
315500,2003,352,107,3,3,1452,1976,1542,1,69,10,5,10,23,7,17,40,38,82,3,Apartment / Condo / Townhouse,Metal,Composition Shingle
290000,2012,315,96,3,3,1452,1978,1542,1,0,1,0,0,5,2,11,31,68,54,1,Apartment / Condo / Townhouse,Brick,Composition Shingle
365000,2010,356,108,3,3,1452,1978,1726,1,15,8,1,0,34,1,4,52,62,64,3,Apartment / Condo / Townhouse,Brick,Composition Shingle
355000,2013,307,93,3,3,1452,1984,1650,1,1,0,0,0,1,0,4,37,85,72,3,Apartment / Condo / Townhouse,Siding (Alum/Vinyl),Composition Shingle
311000,2001,425,129,3,3,1456,1960,22215,1,1,0,0,0,2,1,5,40,87,65,3,Single-Family,Brick,Composition Shingle
399900,2015,368,112,3,3,1456,1989,1501,1,44,7,5,4,39,3,10,34,76,73,2,Apartment / Condo / Townhouse,Siding (Alum/Vinyl),Composition Shingle
408000,2005,348,89,3,3,1456,1990,1742,1,37,6,5,4,41,1,11,29,69,50,3,Apartment / Condo / Townhouse,,Composition Shingle
475000,2005,348,106,3,3,1462,1987,2178,1,17,0,0,0,12,4,20,32,63,70,3,Apartment / Condo / Townhouse,Wood,Composition Shingle
415000,2011,384,117,3,3,1474,1970,1760,1,23,5,0,2,19,1,12,39,82,76,3,Apartment / Condo / Townhouse,Brick,Composition Shingle
401000,2011,479,146,3,3,1479,1979,1700,1,10,1,0,0,13,1,12,40,73,86,3,Apartment / Condo / Townhouse,Metal,Composition Shingle
275000,2008,319,97,3,3,1480,1977,9099,1,73,7,8,5,40,4,18,35,87,37,3,Single-Family,Metal,Asphalt
350000,2009,352,107,3,3,1492,2003,1308,1,44,15,1,4,51,3,6,37,62,55,3,Apartment / Condo / Townhouse,Siding (Alum/Vinyl),Composition Shingle
365000,2010,373,113,3,3,1496,1978,1742,1,0,0,0,0,2,1,2,41,69,77,3,Apartment / Condo / Townhouse,Siding (Alum/Vinyl),Composition Shingle
720000,2006,576,199,3,3,1525,1950,9276,1,40,6,2,6,50,4,19,41,64,84,3,Single-Family,Brick veneer,Shake Shingle
234000,2001,327,99,3,3,1532,1997,1698,1,62,4,6,5,36,4,13,30,60,69,3,Apartment / Condo / Townhouse,Metal,Composition Shingle
538430,2011,523,159,3,3,1532,2011,835,1,25,6,4,7,33,2,12,44,70,54,3,Apartment / Condo / Townhouse,Other,Composition Shingle
649900,2011,539,187,3,3,1538,1946,5999,1,43,5,2,3,33,5,34,46,44,68,3,Single-Family,Brick veneer,Shake Shingle
410000,2005,327,100,3,3,1540,1977,1650,1,8,0,1,1,17,1,12,39,72,60,1,Apartment / Condo / Townhouse,Brick,Composition Shingle
236000,2010,311,94,3,3,1542,1985,1977,1,17,5,1,1,29,0,6,35,76,48,3,Apartment / Condo / Townhouse,Metal,Composition Shingle
445000,2009,430,131,3,3,1552,1989,2096,1,16,3,0,2,10,1,12,37,63,82,3,Apartment / Condo / Townhouse,Wood,Composition Shingle
325000,2011,315,96,3,3,1556,1992,1650,1,44,5,3,6,20,2,12,36,66,73,3,Apartment / Condo / Townhouse,Siding (Alum/Vinyl),Composition Shingle
387000,2012,348,106,3,3,1568,1986,2230,1,52,11,1,4,36,1,14,35,55,73,3,Apartment / Condo / Townhouse,Wood,Composition Shingle
334000,2004,299,91,3,3,1584,1983,1742,1,18,2,1,6,20,1,5,39,72,62,3,Single-Family,Siding (Alum/Vinyl),composition
391066,2015,341,104,3,3,1584,1984,2652,1,6,3,1,2,17,2,10,39,71,68,3,Apartment / Condo / Townhouse,Metal,Composition Shingle
395000,2004,352,107,3,3,1586,1994,1793,1,9,1,0,2,5,0,5,44,94,66,3,Apartment / Condo / Townhouse,Metal,Composition Shingle
273050,2011,296,76,3,3,1588,2011,0,,8,1,1,0,6,2,8,34,83,64,3,Apartment / Condo / Townhouse,,Asphalt
524000,2005,430,131,3,3,1600,1989,1660,1,46,6,6,4,41,4,13,34,76,73,2,Apartment / Condo / Townhouse,Brick,Composition Shingle
264900,2004,300,77,3,3,1600,2001,0,1,19,2,0,1,4,1,14,33,53,74,2,Apartment / Condo / Townhouse,,Asphalt
719981,2013,655,199,3,3,1610,2013,792,1,100,7,8,17,107,6,31,32,34,50,3,Apartment / Condo / Townhouse,Wood,Other
397000,2012,360,110,3,3,1618,2004,1672,1,12,2,0,2,13,1,6,34,62,72,3,Apartment / Condo / Townhouse,Brick,Composition Shingle
612000,2007,561,171,3,3,1628,1971,1694,1,14,1,1,5,12,1,8,36,47,83,3,Apartment / Condo / Townhouse,Brick,Composition Shingle
486990,2011,479,146,3,3,1628,2010,1424,1,71,12,5,11,29,8,19,32,43,63,3,Apartment / Condo / Townhouse,Brick,Composition Shingle
785000,2016,527,160,3,3,1640,1951,8530,1,53,13,4,7,42,2,15,35,80,87,3,Single-Family,Brick,Composition Shingle
343000,2008,327,100,3,3,1640,1996,1834,1,4,0,2,1,8,0,0,33,85,66,3,Apartment / Condo / Townhouse,Siding (Alum/Vinyl),Composition Shingle
420000,2004,381,132,3,3,1646,1991,0,,71,8,14,4,29,14,39,32,49,46,3,Apartment / Condo / Townhouse,Brick veneer,Composition Shingle
284900,2003,387,99,3,3,1649,1989,6534,1,4,2,0,0,6,1,5,37,69,60,3,Single-Family,,Asphalt
200000,2015,266,81,3,3,1650,1969,1799,1,3,0,0,1,6,0,1,28,85,31,3,Apartment / Condo / Townhouse,Brick,Composition Shingle
450000,2010,438,133,3,3,1652,2001,1540,1,26,4,0,2,46,0,14,42,65,65,3,Apartment / Condo / Townhouse,Siding (Alum/Vinyl),Composition Shingle
420000,2008,358,109,3,3,1656,1973,2574,1,15,0,1,1,12,8,18,32,63,70,3,Apartment / Condo / Townhouse,Wood,Gravel/Rock
353140,2009,348,106,3,3,1656,1977,2639,1,0,0,0,0,2,0,1,41,69,77,3,Apartment / Condo / Townhouse,Brick,Composition Shingle
223932,1996,422,128,3,3,1656,1996,1980,1,16,2,3,0,5,1,6,47,50,84,2,Single-Family,Brick,Composition Shingle
267500,2003,277,78,3,3,1658,2001,2613,1,2,0,1,0,3,0,1,31,82,65,2,Apartment / Condo / Townhouse,Brick,
285000,2011,270,82,3,3,1661,1976,0,1,21,2,0,4,19,3,12,45,61,70,3,Apartment / Condo / Townhouse,Brick,Composition Shingle
459990,2008,345,114,3,3,1672,1980,1445,1,61,9,8,8,67,2,14,40,83,82,3,Apartment / Condo / Townhouse,Brick,Asphalt
241000,2002,348,106,3,3,1674,1988,0,1,21,4,1,3,17,5,13,45,65,76,3,Apartment / Condo / Townhouse,Wood,Composition Shingle
248500,2002,343,104,3,3,1678,1987,1280,1,56,7,6,5,50,6,16,39,49,54,3,Apartment / Condo / Townhouse,Siding (Alum/Vinyl),Composition Shingle
427000,2007,336,102,3,3,1680,1998,2100,1,61,4,6,5,36,4,10,30,60,69,3,Apartment / Condo / Townhouse,Metal,Shake Shingle
411300,2014,343,104,3,3,1680,2005,2160,1,18,15,1,0,29,1,6,32,58,28,3,Apartment / Condo / Townhouse,Brick,Composition Shingle
347000,2011,344,105,3,3,1684,1988,0,1,21,4,1,3,17,5,13,45,65,76,3,Apartment / Condo / Townhouse,Wood,Composition Shingle
350000,2013,282,86,3,3,1687,1997,0,1,35,2,6,5,36,0,6,36,61,64,3,Apartment / Condo / Townhouse,Siding (Alum/Vinyl),Composition Shingle
234000,2008,286,81,3,3,1692,1999,1498,1,23,3,3,3,28,0,8,40,84,74,3,Apartment / Condo / Townhouse,Brick,
314900,2014,295,83,3,3,1700,2003,1882,1,0,0,0,0,5,0,2,31,80,47,2,Apartment / Condo / Townhouse,Siding (Alum/Vinyl),
379900,2004,377,97,3,3,1708,2001,1742,1,64,3,7,7,57,3,24,38,77,71,3,Apartment / Condo / Townhouse,,Composition Shingle
419900,2004,418,127,3,3,1716,1992,1650,1,47,7,5,4,43,4,10,35,49,84,2,Apartment / Condo / Townhouse,Brick,Composition Shingle
290000,2009,418,127,3,3,1722,1978,1575,1,25,4,1,5,15,1,12,34,66,72,3,Apartment / Condo / Townhouse,Brick,Gravel/Rock
602000,2011,623,189,3,3,1731,2000,1407,1,121,11,10,16,104,10,43,39,67,91,3,Apartment / Condo / Townhouse,Brick,Composition Shingle
282344,2008,237,67,3,3,1731,2008,0,,31,3,3,2,39,5,8,30,65,69,3,Apartment / Condo / Townhouse,,
459900,2012,401,122,3,3,1738,1989,1760,1,6,1,0,0,4,0,0,48,86,75,2,Apartment / Condo / Townhouse,Brick,Asphalt
200000,2001,340,103,3,3,1746,1987,1911,1,23,6,1,2,17,1,12,35,55,73,3,Apartment / Condo / Townhouse,Wood,Composition Shingle
280000,2010,336,102,3,3,1747,1995,1607,1,49,3,4,3,31,3,8,32,71,44,3,Apartment / Condo / Townhouse,Siding (Alum/Vinyl),Composition Shingle
435000,2005,343,104,3,3,1750,1986,1650,1,0,0,0,0,1,0,2,44,77,62,3,Apartment / Condo / Townhouse,Siding (Alum/Vinyl),Composition Shingle
420000,2016,350,106,3,3,1752,1970,9630,1,7,1,0,2,5,1,2,35,90,51,3,Single-Family,Siding (Alum/Vinyl),Composition Shingle
389900,2004,327,99,3,3,1756,1996,1607,1,52,3,4,4,32,3,8,32,71,44,3,Apartment / Condo / Townhouse,Siding (Alum/Vinyl),Composition Shingle
482413,2005,377,114,3,3,1758,1995,1400,1,67,3,11,9,123,6,12,38,81,65,3,Apartment / Condo / Townhouse,Brick,Composition Shingle
305000,2011,334,94,3,3,1760,2002,4665,1,10,1,0,0,8,0,5,28,90,62,2,Single-Family,Siding (Alum/Vinyl),Composition
225000,2009,317,89,3,3,1760,2006,2200,1,8,1,0,1,4,0,2,34,84,52,2,Apartment / Condo / Townhouse,Brick,Composition Shingle
359000,2002,471,143,3,3,1766,1994,2031,1,12,2,1,3,15,3,10,39,33,74,3,Apartment / Condo / Townhouse,Stucco,Composition Shingle
392000,2009,400,122,3,3,1770,1986,1799,1,25,5,1,4,18,2,11,42,55,72,3,Apartment / Condo / Townhouse,Metal,Composition Shingle
565000,2007,504,153,3,3,1774,1993,1598,1,112,18,5,12,89,3,23,35,55,28,3,Apartment / Condo / Townhouse,Brick,Wood Shake/ Shingles
515000,2005,345,105,3,3,1774,2002,1520,1,16,1,1,3,6,0,5,37,47,58,2,Apartment / Condo / Townhouse,Brick,Composition Shingle
478040,2007,304,86,3,3,1774,2007,8293,1,2,0,1,0,3,0,1,33,92,64,2,Single-Family,Combination,
320000,2011,327,99,3,3,1780,1968,2003,1,70,2,7,9,80,12,31,30,57,67,3,Apartment / Condo / Townhouse,Wood,Composition Shingle
477000,2008,515,157,3,3,1798,1991,1856,1,6,4,0,1,7,1,6,33,68,55,3,Apartment / Condo / Townhouse,Brick,Wood Shake/ Shingles
415000,2010,381,116,3,3,1814,1989,1398,1,3,0,0,1,5,0,5,43,74,69,3,Apartment / Condo / Townhouse,Siding (Alum/Vinyl),Composition Shingle
525000,2012,454,138,3,3,1815,1993,2330,1,12,2,1,3,15,3,11,39,33,74,3,Apartment / Condo / Townhouse,Stucco,Composition Shingle
265000,2008,303,92,3,3,1821,1992,3097,1,78,4,5,6,42,4,12,33,57,74,3,Apartment / Condo / Townhouse,Siding (Alum/Vinyl),Composition Shingle
680300,2005,625,217,3,3,1827,1952,10890,1,13,3,1,3,18,4,14,40,78,83,3,Single-Family,Brick veneer,Composition Shingle
375000,2011,350,106,3,3,1834,1986,1373,1,23,6,1,2,16,1,10,35,55,73,3,Apartment / Condo / Townhouse,Wood,Composition Shingle
235000,2012,269,82,3,3,1840,1985,1951,1,68,11,4,5,52,2,18,45,40,50,3,Apartment / Condo / Townhouse,Siding (Alum/Vinyl),Composition Shingle
650000,2004,708,206,3,3,1844,1987,2309,1,64,10,9,7,80,6,42,45,60,71,3,Apartment / Condo / Townhouse,Wood Siding,Composition Shingle
440000,2006,383,98,3,3,1860,2004,2613,1,29,2,3,6,118,2,17,35,71,54,3,Apartment / Condo / Townhouse,,Composition Shingle
616700,2005,482,147,3,3,1874,1994,2448,1,8,2,0,2,10,1,8,44,89,87,3,Apartment / Condo / Townhouse,Wood,Wood Shake/ Shingles
299000,2004,229,64,3,3,1882,1994,2822,1,11,2,1,0,5,0,2,29,82,44,2,Apartment / Condo / Townhouse,Siding (Alum/Vinyl),Composition Shingle
385000,2003,418,127,3,3,1885,1990,2718,1,29,4,7,2,14,3,10,33,70,80,2,Apartment / Condo / Townhouse,Metal,Composition Shingle
435000,2008,430,131,3,3,1888,1995,1661,1,83,8,4,9,181,6,23,33,66,83,3,Apartment / Condo / Townhouse,Brick,Composition Shingle
510000,2010,487,148,3,3,1900,1948,6250,1,87,13,11,6,92,4,20,44,73,57,3,Single-Family,Siding (Alum/Vinyl),Composition Shingle
292240,2000,471,143,3,3,1900,2000,1995,1,113,9,8,19,106,5,32,32,34,50,3,Apartment / Condo / Townhouse,Brick,Composition Shingle
575000,2004,594,181,3,3,1902,1946,10541,1,114,20,7,12,91,2,19,43,73,41,3,Single-Family,Brick,Composition Shingle
647500,2007,576,199,3,3,1908,1985,0,,185,16,39,27,107,11,75,34,18,90,3,Apartment / Condo / Townhouse,Brick,
544240,2005,409,124,3,3,1912,2005,2888,1,9,1,1,1,5,1,4,28,68,60,2,Single-Family,Brick,Composition Shingle
249900,2011,290,74,3,3,1919,1990,2178,1,24,1,1,3,37,1,9,38,77,56,3,Apartment / Condo / Townhouse,,Other
560000,2005,470,121,3,3,1920,1996,1742,1,7,2,1,1,5,0,4,36,66,79,3,Apartment / Condo / Townhouse,,Composition Shingle
250000,2014,310,80,3,3,1923,1994,2178,1,83,4,9,14,87,9,25,35,80,44,3,Apartment / Condo / Townhouse,,Composition Shingle
285000,2015,397,121,3,3,1928,1968,2888,1,20,5,2,1,17,1,10,49,84,65,3,Apartment / Condo / Townhouse,Brick,Other
225000,2010,271,77,3,3,1940,2003,2478,1,4,1,0,0,1,0,5,29,88,73,1,Single-Family,Combination,
410000,2011,385,117,3,3,1960,1991,2844,1,37,4,3,10,26,0,11,39,72,62,3,Apartment / Condo / Townhouse,Metal,Composition Shingle
424700,2012,463,141,3,3,1962,1945,7200,1,61,10,8,5,70,3,17,39,64,34,3,Single-Family,Siding (Alum/Vinyl),Composition Shingle
655000,2007,602,183,3,3,1966,1996,1872,1,9,0,0,0,13,1,10,40,73,86,3,Apartment / Condo / Townhouse,Brick,Composition Shingle
245950,2012,245,74,3,3,1971,1990,0,1,25,2,3,3,8,0,7,39,36,37,3,Apartment / Condo / Townhouse,Siding (Alum/Vinyl),Composition Shingle
466000,2005,592,172,3,3,1980,1974,2700,1,42,4,3,4,46,3,19,36,81,80,3,Apartment / Condo / Townhouse,Brick,Composition Shingle
320000,2002,430,131,3,3,1980,1994,2718,1,19,1,3,0,13,1,8,44,61,60,2,Apartment / Condo / Townhouse,Metal,Composition Shingle
215000,2008,255,72,3,3,1985,1989,2788,1,32,4,4,7,57,0,7,30,69,32,3,Apartment / Condo / Townhouse,Brick,
485602,2004,463,141,3,3,1986,2004,2970,1,85,13,4,7,66,8,39,44,76,58,3,Apartment / Condo / Townhouse,Brick,Composition
390000,2007,387,99,3,3,2000,1992,2613,1,66,3,7,7,54,2,22,38,77,71,3,Apartment / Condo / Townhouse,,Composition Shingle
265000,2012,339,96,3,3,2004,2007,2029,1,2,0,1,0,2,0,1,33,92,64,2,Apartment / Condo / Townhouse,,
388000,2003,575,199,3,3,2010,1942,5496,1,55,10,3,4,47,5,32,41,70,95,3,Single-Family,Brick,Shake Shingle
422000,2006,332,101,3,3,2012,1991,2416,1,82,5,9,7,43,5,13,30,60,69,3,Apartment / Condo / Townhouse,Siding (Alum/Vinyl),Shake Shingle
640000,2007,573,174,3,3,2032,1994,2016,1,24,2,1,2,20,1,7,40,73,86,3,Apartment / Condo / Townhouse,Brick,Composition Shingle
307080,2001,450,137,3,3,2036,2001,1777,1,25,3,3,1,16,1,2,32,81,25,3,Apartment / Condo / Townhouse,Brick,Composition Shingle
589900,2007,483,147,3,3,2046,2005,1872,1,46,2,4,6,135,3,10,33,42,67,3,Apartment / Condo / Townhouse,Brick,Composition Shingle
439900,2013,423,120,3,3,2052,2003,1978,1,22,3,1,3,23,1,10,41,70,65,3,Apartment / Condo / Townhouse,,Composition Shingle
410000,2008,368,112,3,3,2055,1991,3145,1,49,6,6,4,44,4,15,36,39,84,2,Apartment / Condo / Townhouse,Metal,Composition Shingle
605000,2013,477,158,3,3,2057,1995,1506,1,48,13,8,9,41,7,22,32,34,76,3,Single-Family,Brick,
635000,2011,569,173,3,3,2064,1992,2217,1,21,4,1,5,15,1,10,45,84,81,3,Apartment / Condo / Townhouse,Brick,Wood Shake/ Shingles
310000,2005,229,64,3,3,2073,1988,2378,1,63,7,9,5,85,2,10,30,51,44,3,Apartment / Condo / Townhouse,Siding (Alum/Vinyl),
800000,2009,648,224,3,3,2086,1930,12632,1,127,11,26,17,174,10,47,48,54,89,3,Single-Family,Brick veneer,Composition Shingle
280000,1998,640,222,3,3,2100,1986,0,1,147,9,18,25,107,10,72,28,38,89,3,Apartment / Condo / Townhouse,Brick veneer,Asphalt
440000,2013,360,109,3,3,2101,1987,2378,1,49,4,6,10,64,3,13,40,63,66,3,Apartment / Condo / Townhouse,Siding (Alum/Vinyl),Composition Shingle
321500,2003,479,146,3,3,2102,1965,5127,1,70,16,7,8,93,4,18,40,50,55,3,Apartment / Condo / Townhouse,Brick,Composition Shingle
246677,2016,348,89,3,3,2109,2007,2613,1,15,2,1,0,17,1,3,32,97,80,1,Apartment / Condo / Townhouse,,Composition Shingle
440000,2015,431,111,3,3,2118,2009,3484,,31,1,6,0,13,1,9,40,80,66,3,Apartment / Condo / Townhouse,,Composition Shingle
339400,2010,431,111,3,3,2118,2009,3484,,41,2,6,1,33,1,12,66,84,62,3,Single-Family,,Composition Shingle
279900,2014,279,79,3,3,2148,2009,2731,1,42,8,3,1,43,0,3,40,75,47,3,Apartment / Condo / Townhouse,Brick,
780000,2013,626,217,3,3,2160,1983,2430,1,177,14,39,24,100,10,75,34,18,90,3,Apartment / Condo / Townhouse,Brick veneer,Composition Shingle
300000,2002,532,162,3,3,2163,1971,16552,1,2,0,0,0,5,0,5,48,88,84,3,Single-Family,Metal,Composition Shingle
332000,2014,361,88,3,3,2169,2013,2213,,79,19,12,6,83,15,21,40,62,53,3,Apartment / Condo / Townhouse,Brick,Asphalt
317990,2003,431,111,3,3,2190,2003,3484,1,29,1,5,0,13,1,13,40,80,66,3,Single-Family,,Composition Shingle
535000,2012,483,147,3,3,2200,2001,2241,1,61,9,4,4,71,3,14,35,77,46,3,Apartment / Condo / Townhouse,Brick,Composition Shingle
642000,2006,491,150,3,3,2200,2004,2171,1,20,7,0,3,27,4,23,40,85,25,3,Apartment / Condo / Townhouse,Brick,Composition Shingle
488000,2003,615,204,3,3,2234,1967,9625,1,58,7,10,5,26,18,40,37,81,91,3,Single-Family,Brick,shake-shingle
297000,2008,360,109,3,3,2240,1978,5876,1,0,0,0,0,2,0,0,38,83,49,2,Single-Family,Siding (Alum/Vinyl),Composition Shingle
225000,2013,377,97,3,3,2288,1971,10018,1,9,2,0,0,18,1,12,42,52,39,3,Single-Family,,Composition Shingle
729000,2012,725,211,3,3,2320,1978,3106,,139,17,16,16,106,6,36,48,60,77,3,Apartment / Condo / Townhouse,Combination,Shake Shingle
375000,2006,286,81,3,3,2321,2000,2653,1,2,0,1,0,4,0,1,31,82,65,2,Apartment / Condo / Townhouse,Siding (Alum/Vinyl),Asphalt
521000,2009,539,164,3,3,2329,1986,4451,1,22,4,1,3,20,5,14,45,65,76,3,Apartment / Condo / Townhouse,Wood,Wood Shake/ Shingles
400000,2014,364,111,3,3,2369,1984,2522,1,11,2,0,4,8,3,11,39,87,73,1,Apartment / Condo / Townhouse,Siding (Alum/Vinyl),Composition Shingle
340000,2015,360,109,3,3,2372,1969,2683,1,9,0,1,1,7,4,17,40,59,62,3,Apartment / Condo / Townhouse,Wood,Composition Shingle
355000,2004,368,112,3,3,2376,1983,2474,1,13,1,0,0,6,2,12,28,84,58,3,Apartment / Condo / Townhouse,Metal,Composition Shingle
470000,2014,400,122,3,3,2401,1984,2617,1,10,5,1,3,17,2,10,39,71,68,3,Apartment / Condo / Townhouse,Metal,Composition Shingle
440000,2005,458,139,3,3,2412,1973,12196,1,10,1,1,1,24,1,11,39,72,60,1,Single-Family,Wood,Composition Shingle
760000,2011,508,154,3,3,2426,1957,14810,1,56,17,10,7,76,3,17,40,50,55,3,Single-Family,Brick,Composition Shingle
403000,2007,460,118,3,3,2437,2007,4356,,31,1,6,0,13,1,9,40,80,66,3,Single-Family,,Composition Shingle
308000,1994,691,229,3,3,2448,1930,5000,1,90,5,13,21,71,20,53,53,75,65,3,Single-Family,Brick,Asphalt
750000,2007,590,179,3,3,2452,1981,2713,1,18,1,0,3,15,0,11,39,64,81,3,Apartment / Condo / Townhouse,Wood,Other
708500,2011,671,204,3,3,2460,1997,2931,1,131,6,19,19,259,12,46,45,70,71,3,Apartment / Condo / Townhouse,Brick,Composition Shingle
660000,2004,721,220,3,3,2466,2000,1860,1,121,11,10,16,103,10,43,39,67,91,3,Apartment / Condo / Townhouse,Brick,Composition Shingle
790830,2014,815,248,3,3,2466,2000,1944,1,121,11,10,16,104,10,43,39,67,91,3,Apartment / Condo / Townhouse,Brick,Composition Shingle
314100,1997,696,212,3,3,2484,1997,2809,1,115,7,20,20,250,4,31,40,72,86,3,Apartment / Condo / Townhouse,Brick,Composition Shingle
734235,2010,594,206,3,3,2496,2010,1406,1,37,5,6,2,17,19,48,34,31,46,3,Apartment / Condo / Townhouse,Brick veneer,Composition Shingle
333250,2012,338,112,3,3,2508,1976,0,1,59,8,7,6,65,2,13,40,83,82,3,Apartment / Condo / Townhouse,Brick,Asphalt
680000,2004,728,212,3,3,2556,1997,1443,,79,12,10,8,93,5,39,33,55,71,3,Apartment / Condo / Townhouse,Brick,Composition Shingle
329990,2010,397,102,3,3,2568,2010,2614,1,0,0,0,0,0,1,0,36,86,53,3,Apartment / Condo / Townhouse,,Composition Shingle
300000,2001,487,148,3,3,2618,1991,2996,1,56,7,6,4,46,7,14,40,51,72,3,Single-Family,Brick,Composition Shingle
471000,2003,488,169,3,3,2626,1995,2222,1,66,5,8,8,44,4,25,45,46,69,3,Apartment / Condo / Townhouse,Combination,
400000,2009,485,124,3,3,2628,1993,9583,1,13,1,1,3,13,1,12,39,89,74,3,Single-Family,,Composition Shingle
273001,2000,428,130,3,3,2630,1985,9783,1,19,3,1,1,21,3,14,36,87,61,3,Single-Family,Siding (Alum/Vinyl),Composition Shingle
605000,2008,499,166,3,3,2636,2000,2364,1,50,12,9,11,32,7,21,43,32,66,3,Apartment / Condo / Townhouse,Brick,
487500,2005,396,112,3,3,2640,1985,7326,1,0,0,0,0,1,1,1,33,95,54,3,Single-Family,Wood,
282500,2012,301,73,3,3,2689,2012,0,,39,5,8,3,45,13,13,40,62,32,3,Apartment / Condo / Townhouse,Siding (Alum/Vinyl),Asphalt
475000,2009,438,133,3,3,2690,1989,2440,1,29,4,4,2,23,2,9,36,39,84,2,Apartment / Condo / Townhouse,Brick,Composition Shingle
325344,2010,285,81,3,3,2700,2010,0,1,14,2,0,1,7,3,4,37,69,36,3,Apartment / Condo / Townhouse,,
299000,1999,491,149,3,3,2701,1986,5633,1,25,5,1,4,19,2,11,42,55,72,3,Single-Family,Siding (Alum/Vinyl),Composition Shingle
489000,2009,459,140,3,3,2722,1992,3232,1,26,3,4,2,15,3,10,33,70,80,2,Apartment / Condo / Townhouse,Brick,Composition Shingle
397000,2012,435,112,3,3,2790,2007,3920,1,0,0,0,0,1,0,0,37,74,84,3,Apartment / Condo / Townhouse,,Composition Shingle
396000,2004,500,152,3,3,2800,1991,10890,1,6,2,0,0,4,0,1,33,58,44,2,Single-Family,Siding (Alum/Vinyl),Composition Shingle
520000,2004,491,149,3,3,2804,1987,8677,1,23,1,3,3,7,2,6,30,85,64,3,Single-Family,Metal,Composition Shingle
468041,2006,449,88,3,3,2807,2006,2226,1,21,1,3,0,18,0,5,32,78,45,3,Apartment / Condo / Townhouse,Combination,
390000,2007,422,108,3,3,2846,1984,4791,1,5,0,0,0,6,0,6,39,72,62,3,Single-Family,,Composition Shingle
345000,2008,370,104,3,3,2900,1981,53143,1,0,0,0,0,0,0,0,38,83,60,3,Single-Family,Siding (Alum/Vinyl),Composition Shingle
475000,1995,1391,462,3,3,2936,1994,1376,,176,8,31,30,276,28,72,50,25,76,3,Single-Family,Brick,
315435,1995,705,215,3,3,3027,1995,11761,1,45,4,2,2,17,0,8,36,61,61,3,Single-Family,Siding (Alum/Vinyl),Composition Shingle
359900,2001,430,131,3,3,3060,1996,8507,1,7,0,2,0,4,0,1,32,91,65,3,Single-Family,Stucco,Composition Shingle
665000,2013,561,171,3,3,3135,1994,3463,1,8,2,0,2,10,1,8,44,89,87,3,Apartment / Condo / Townhouse,Siding (Alum/Vinyl),Composition Shingle
534000,2005,494,127,3,3,3155,2003,8276,1,8,2,1,2,3,0,4,31,93,76,1,Single-Family,,Composition Shingle
426000,2008,396,112,3,3,3352,2002,5954,1,25,2,1,3,19,2,10,32,78,57,3,Single-Family,Siding (Alum/Vinyl),Composition Shingle
509000,2009,519,180,3,3,3408,1941,10384,1,115,11,25,14,177,11,47,48,54,89,3,Single-Family,Brick veneer,Composition Shingle
431375,2002,582,149,3,3,3855,2002,5662,1,17,1,0,1,36,6,6,41,86,79,3,Apartment / Condo / Townhouse,,Composition Shingle
343000,2007,291,88,3,4,1232,1973,1760,1,17,6,1,3,29,0,7,33,82,47,3,Apartment / Condo / Townhouse,Brick,Shake Shingle
251000,2009,334,86,3,4,1480,1998,1742,1,18,3,3,4,20,1,11,32,67,70,3,Apartment / Condo / Townhouse,,Asphalt
393500,2011,360,109,3,4,1492,2004,1308,1,44,16,1,4,57,3,6,37,62,55,3,Apartment / Condo / Townhouse,Siding (Alum/Vinyl),Shake Shingle
475000,2005,348,106,3,4,1496,1987,2177,1,17,0,0,0,12,4,20,32,63,70,3,Apartment / Condo / Townhouse,Wood,Shake Shingle
225540,2010,246,69,3,4,1500,2010,0,1,6,1,0,1,22,2,3,33,50,36,3,Apartment / Condo / Townhouse,,Asphalt
335000,2007,277,78,3,4,1556,2004,1241,1,4,1,0,0,1,0,5,29,88,73,1,Apartment / Condo / Townhouse,Brick,
498000,2005,373,113,3,4,1584,1976,1794,1,33,5,3,5,23,1,12,34,36,86,3,Apartment / Condo / Townhouse,Brick,Composition Shingle
485000,2003,527,161,3,4,1584,1988,1759,1,104,6,17,20,238,4,31,39,79,76,3,Apartment / Condo / Townhouse,Brick,Composition Shingle
285000,2015,397,121,3,4,1628,1968,2887,1,20,5,2,1,17,1,10,49,84,65,3,Apartment / Condo / Townhouse,Brick,Other
506900,2011,482,147,3,4,1628,2011,1166,1,71,12,6,11,32,8,18,32,43,63,3,Apartment / Condo / Townhouse,Brick,Composition Shingle
200750,1999,401,122,3,4,1633,1977,1716,1,6,3,0,1,11,1,4,43,82,76,3,Apartment / Condo / Townhouse,Brick,Composition Shingle
323500,2003,368,112,3,4,1661,1989,1759,1,0,0,0,0,1,0,3,44,77,62,3,Apartment / Condo / Townhouse,Brick,Composition Shingle
293000,2012,270,82,3,4,1700,1986,2626,1,4,0,2,1,8,0,1,34,75,65,3,Apartment / Condo / Townhouse,Siding (Alum/Vinyl),Composition Shingle
314900,2014,295,83,3,4,1700,2003,1882,1,0,0,0,0,5,0,2,31,80,47,2,Apartment / Condo / Townhouse,Siding (Alum/Vinyl),Asphalt
417000,2008,393,119,3,4,1712,1994,2184,1,0,0,0,0,2,1,3,44,77,62,3,Apartment / Condo / Townhouse,Brick,Composition Shingle
305109,2011,407,124,3,4,1750,1966,1850,1,73,3,8,10,84,11,30,61,38,66,3,Apartment / Condo / Townhouse,Wood,Built-up
275000,2001,445,154,3,4,1764,1966,2893,1,71,10,12,5,31,12,35,33,79,55,3,Apartment / Condo / Townhouse,Brick veneer,Shake Shingle
570000,2016,508,154,3,4,1774,1993,1600,1,112,18,5,12,89,3,23,35,55,28,3,Apartment / Condo / Townhouse,Brick,Shake Shingle
560000,2005,470,121,3,4,1920,1996,1742,1,7,2,1,1,5,0,4,36,66,79,3,Apartment / Condo / Townhouse,,Composition Shingle
285540,2001,441,113,3,4,2036,2001,2178,1,23,2,1,1,52,5,29,34,78,66,3,Apartment / Condo / Townhouse,,Asphalt
318500,2003,381,132,3,4,2052,1989,0,1,104,9,24,15,36,7,33,38,46,42,3,Apartment / Condo / Townhouse,Brick veneer,Shake Shingle
542450,2007,374,106,3,4,2100,2007,5606,1,8,2,0,1,4,1,2,34,84,52,2,Single-Family,Siding (Alum/Vinyl),Shake Shingle
345000,1996,688,210,3,4,2136,1986,3034,1,58,5,4,7,78,5,23,52,61,86,3,Apartment / Condo / Townhouse,Brick,Other
549000,2013,479,146,3,4,2160,2001,1800,1,61,9,4,4,71,3,14,35,77,46,3,Apartment / Condo / Townhouse,Brick,Asphalt
593046,2005,434,132,3,4,2208,2005,1800,1,9,1,1,1,3,0,3,28,68,60,2,Apartment / Condo / Townhouse,Brick,Composition Shingle
228000,2010,267,76,3,4,2223,1986,2718,1,0,0,0,0,1,1,2,33,95,54,3,Apartment / Condo / Townhouse,Combination,Shake Shingle
373275,1999,614,187,3,4,2236,1999,1944,1,21,4,1,5,15,1,10,34,66,72,3,Apartment / Condo / Townhouse,Brick,Composition Shingle
206500,2001,294,83,3,4,2367,1987,28749,1,13,2,0,1,11,2,3,37,69,36,3,Single-Family,Combination,
525500,2005,423,109,3,4,2382,2001,2614,1,18,4,1,2,12,1,10,31,77,69,2,Apartment / Condo / Townhouse,,Asphalt
650000,2004,720,209,3,4,2400,1987,2309,1,64,10,9,7,80,6,42,45,60,71,3,Apartment / Condo / Townhouse,Wood Siding,Composition Shingle
363000,2014,334,94,3,4,2422,2006,3258,1,19,2,1,5,22,2,7,35,94,75,2,Apartment / Condo / Townhouse,Brick,
427000,2013,378,107,3,4,2803,1985,10890,1,10,3,2,1,20,0,10,49,89,70,3,Single-Family,Combination,
500000,2014,623,189,3,4,3019,1988,2532,1,53,6,5,8,82,9,27,33,74,80,3,Single-Family,Brick,Asphalt
760000,2013,680,207,3,4,3084,2002,0,1,119,7,20,22,302,6,26,36,68,72,3,Apartment / Condo / Townhouse,Brick,Composition Shingle
755000,2011,684,208,3,4,3200,2004,0,1,118,7,20,22,297,6,27,36,68,72,3,Apartment / Condo / Townhouse,Brick,Composition Shingle
707368,2003,687,209,3,4,3261,2003,0,1,119,7,20,22,297,6,28,36,68,72,3,Apartment / Condo / Townhouse,Brick,Other
412939,2002,499,128,3,4,3578,2002,3920,1,17,0,2,0,8,0,13,40,56,68,3,Single-Family,,Composition Shingle
763812,2003,1941,673,3,4,4300,1986,0,,209,10,40,41,186,17,81,31,29,90,3,Apartment / Condo / Townhouse,Brick,
425000,2011,381,116,4,1,1142,1977,10890,1,3,0,0,1,1,0,12,41,71,58,3,Single-Family,Siding (Alum/Vinyl),Composition Shingle
216500,2016,281,79,4,1,1176,1974,20037,1,0,0,0,0,1,1,0,47,67,41,2,Single-Family,Combination,
328150,2008,327,99,4,1,1326,1957,11761,1,6,1,1,0,21,1,8,37,81,34,3,Single-Family,Brick,Composition Shingle
325000,2013,377,114,4,1,1365,1950,7370,1,52,11,3,3,48,1,9,30,84,25,3,Single-Family,Siding (Alum/Vinyl),Composition Shingle
239900,2002,329,85,4,1,1374,1998,1307,1,47,1,6,1,45,4,15,36,83,74,3,Apartment / Condo / Townhouse,,Composition Shingle
355000,2011,343,104,4,1,1662,1956,6499,1,26,8,2,2,31,1,5,39,56,19,3,Single-Family,Brick,Asphalt
250000,2015,376,114,4,1,1764,1950,9461,1,38,5,3,2,43,1,4,30,84,25,3,Single-Family,Asbestos shingle,Composition Shingle
515000,2009,533,137,4,1,2852,1993,6098,1,7,2,1,1,5,0,2,42,85,76,3,Single-Family,,Composition Shingle
345000,1993,818,249,4,1,2912,1988,20473,1,2,0,0,1,2,0,1,53,93,93,3,Single-Family,Wood,Composition Shingle
675000,2010,584,178,4,1,3616,1983,12196,1,56,12,14,14,37,2,9,37,93,47,3,Single-Family,Metal,Asphalt
508053,2001,819,250,4,1,4116,2000,12196,1,57,9,4,4,67,2,21,34,59,63,3,Single-Family,Metal,composition
687500,2012,655,200,4,1,4300,2011,22215,1,7,2,1,5,13,0,7,44,86,85,3,Single-Family,Siding (Alum/Vinyl),Composition Shingle
539079,1994,1065,324,4,1,5327,1994,19602,1,11,1,0,3,5,0,4,48,79,90,3,Single-Family,Brick,Composition Shingle
215000,2014,237,67,4,2,800,1970,10001,1,0,0,0,0,2,0,4,36,69,51,3,Single-Family,Siding (Alum/Vinyl),Composition Shingle
290000,2011,471,143,4,2,876,1940,18730,1,22,5,2,2,30,1,8,39,56,19,3,Single-Family,Siding (Alum/Vinyl),Composition Shingle
400000,2013,400,122,4,2,954,1959,22215,1,9,2,1,1,16,1,5,40,73,44,3,Single-Family,Brick,Asbestos
485000,2004,532,162,4,2,988,1955,11761,1,8,2,0,3,3,0,6,58,66,81,3,Single-Family,Brick,Gravel/Rock
202000,2008,202,57,4,2,1040,1964,10001,1,26,10,1,2,24,0,7,30,89,13,3,Single-Family,Siding (Alum/Vinyl),
281000,2001,433,132,4,2,1040,1975,15245,1,26,5,0,3,36,5,11,47,79,63,3,Single-Family,Siding (Alum/Vinyl),Composition Shingle
300000,2015,434,132,4,2,1046,1959,8537,1,91,7,14,12,78,6,13,30,62,23,3,Single-Family,Brick,Composition Shingle
266000,2012,348,106,4,2,1056,1956,9465,1,47,15,1,5,63,2,5,37,62,55,3,Single-Family,Brick,Composition Shingle
412000,2006,368,112,4,2,1080,1950,7199,1,38,9,3,6,48,2,12,34,86,66,3,Single-Family,Siding (Alum/Vinyl),Composition Shingle
385000,2008,426,129,4,2,1092,1964,11761,1,5,1,0,1,5,1,6,45,87,79,3,Single-Family,Brick,Composition Shingle
215000,2014,207,58,4,2,1152,1950,15681,,24,5,2,0,14,1,6,40,47,5,2,Single-Family,Wood,Other
585000,2006,540,187,4,2,1170,1936,5998,1,197,9,36,34,197,15,48,47,52,79,3,Single-Family,Brick veneer,Composition Shingle
420000,2008,434,132,4,2,1170,1953,10599,1,84,5,15,9,66,5,19,43,70,52,2,Single-Family,Brick,Composition Shingle
315000,2005,260,73,4,2,1200,1996,1359,1,22,1,3,1,36,3,9,28,76,42,3,Apartment / Condo / Townhouse,Siding (Alum/Vinyl),
645000,2006,594,206,4,2,1226,1950,14810,1,39,1,8,5,50,5,35,39,78,74,3,Single-Family,Brick veneer,Composition Shingle
276840,2009,319,97,4,2,1269,1956,8563,1,124,15,15,10,178,4,13,32,82,37,3,Single-Family,Siding (Alum/Vinyl),Composition Shingle
350000,2014,327,99,4,2,1269,1956,9121,1,113,12,15,10,169,4,11,32,82,37,3,Single-Family,Siding (Alum/Vinyl),Composition Shingle
500000,2011,491,149,4,2,1272,1957,12632,1,45,5,3,6,71,7,21,43,71,66,3,Single-Family,Brick,Composition Shingle
526000,2004,532,162,4,2,1276,1959,11325,1,1,0,0,0,2,2,3,46,80,86,3,Single-Family,Brick,Composition Shingle
390000,2004,330,115,4,2,1302,1954,10558,1,32,4,6,2,27,5,20,49,73,63,3,Single-Family,Brick,
343500,2005,277,78,4,2,1311,1988,10323,,27,4,1,2,33,0,3,38,70,25,3,Single-Family,Siding (Alum/Vinyl),
275000,2001,405,123,4,2,1314,1957,30056,1,4,1,1,0,5,2,3,50,89,60,3,Single-Family,Brick,Composition Shingle
375000,2009,441,134,4,2,1323,1965,11325,1,19,5,2,1,17,1,7,49,84,65,3,Single-Family,Brick,Composition Shingle
625000,2005,540,187,4,2,1325,1948,8276,1,80,6,9,13,73,8,39,40,70,82,3,Single-Family,Brick veneer,Composition Shingle
489950,2006,491,150,4,2,1350,1948,10497,1,45,6,4,3,43,2,6,39,74,57,3,Single-Family,Brick,Composition Shingle
329000,2010,368,112,4,2,1360,1957,10858,1,0,0,0,0,2,1,3,45,82,51,3,Single-Family,Siding (Alum/Vinyl),Shake Shingle
335000,2011,323,98,4,2,1360,1982,1480,1,57,7,6,5,46,5,15,37,80,59,3,Apartment / Condo / Townhouse,Siding (Alum/Vinyl),Composition Shingle
214900,2002,339,87,4,2,1364,1963,8276,,42,7,2,2,33,3,26,29,63,45,3,Single-Family,,Composition Shingle
559900,2012,504,174,4,2,1386,1930,4199,1,98,12,14,7,43,8,27,36,60,44,3,Single-Family,Stucco,Composition Shingle
200100,2012,264,75,4,2,1387,1962,10010,1,41,6,5,2,58,0,10,28,69,29,3,Single-Family,Combination,
234000,1998,648,224,4,2,1396,1918,5000,1,77,7,26,13,68,5,51,33,65,84,3,Single-Family,Concrete,Composition Shingle
230000,2012,348,89,4,2,1404,1963,11325,,25,7,1,0,14,2,10,35,69,25,3,Single-Family,,Composition Shingle
617500,2005,565,172,4,2,1436,1965,10890,1,84,4,9,11,73,6,33,45,70,71,3,Single-Family,Metal,Composition Shingle
645000,2005,605,184,4,2,1449,1963,14374,1,42,7,7,7,56,9,17,45,82,80,3,Single-Family,Brick,Composition Shingle
377750,2011,374,114,4,2,1476,1950,7200,1,31,6,2,5,41,1,11,44,68,56,3,Single-Family,Siding (Alum/Vinyl),Composition Shingle
390000,2003,614,187,4,2,1484,1960,7501,1,60,5,4,7,79,5,25,50,57,77,3,Single-Family,Brick,Composition Shingle
346080,2009,430,131,4,2,1492,1952,12196,1,93,6,13,20,230,4,25,38,64,73,3,Single-Family,Asbestos shingle,Composition Shingle
418000,2008,422,128,4,2,1500,1972,9491,1,33,5,2,4,30,2,12,34,80,70,2,Single-Family,Metal,Composition Shingle
422000,2013,381,116,4,2,1505,1957,10558,1,0,0,0,1,1,1,4,45,82,51,3,Single-Family,Wood,Asphalt
200000,2009,315,96,4,2,1512,1971,4568,1,56,7,6,4,46,7,15,44,71,63,3,Single-Family,Siding (Alum/Vinyl),Composition Shingle
227000,2009,290,74,4,2,1540,1974,1742,,10,2,1,1,4,0,4,34,82,35,3,Apartment / Condo / Townhouse,,Composition Shingle
475000,2006,311,95,4,2,1549,1961,13503,1,137,15,10,11,88,9,44,36,72,50,3,Single-Family,Siding (Alum/Vinyl),Composition Shingle
530000,2014,479,146,4,2,1577,1968,14810,1,24,2,4,5,8,6,12,45,78,68,1,Single-Family,Siding (Alum/Vinyl),Composition Shingle
375000,2007,339,87,4,2,1588,1966,7841,,45,7,2,2,28,5,26,29,63,45,3,Single-Family,,Composition Shingle
439900,2005,459,140,4,2,1590,1968,11325,1,5,3,0,1,14,0,4,43,73,61,1,Single-Family,Brick,Asphalt
219900,1998,471,143,4,2,1590,1973,10698,1,0,0,0,0,5,0,3,38,83,67,1,Single-Family,Brick,Other
308000,2016,360,109,4,2,1592,1943,6655,1,47,10,4,6,23,0,8,28,54,46,3,Single-Family,Siding (Alum/Vinyl),Composition Shingle
242000,2004,220,62,4,2,1593,1993,3079,1,19,4,1,0,9,0,5,39,83,55,2,Apartment / Condo / Townhouse,Siding (Alum/Vinyl),
565000,2013,491,149,4,2,1596,1969,20037,1,21,3,3,3,28,5,8,45,78,68,1,Single-Family,Brick,Composition Shingle
258400,2012,306,86,4,2,1640,1937,11325,1,1,0,0,0,2,0,0,43,60,36,3,Single-Family,Wood Shingle,
410000,2012,418,127,4,2,1653,1950,10158,1,17,0,2,2,17,0,3,36,77,54,3,Single-Family,Siding (Alum/Vinyl),Composition Shingle
562500,2015,479,146,4,2,1653,1962,17424,1,1,1,0,0,4,1,4,40,87,65,3,Single-Family,Brick,Composition Shingle
430000,2004,4508,1374,4,2,1658,1963,10500,1,7,7,0,0,18,2,3,45,78,68,3,Single-Family,Brick,Composition Shingle
395000,2014,385,117,4,2,1659,1972,8533,1,3,0,0,1,2,0,13,40,76,64,3,Single-Family,Wood,Other
348900,2006,352,107,4,2,1662,1966,1812,1,78,7,8,12,89,11,29,61,38,66,3,Apartment / Condo / Townhouse,Brick,Other
343000,2011,344,105,4,2,1663,1968,10890,1,0,0,0,0,0,1,1,45,72,63,3,Single-Family,Siding (Alum/Vinyl),Composition Shingle
377000,2007,383,98,4,2,1702,2007,1742,1,2,0,0,0,3,0,10,30,76,69,2,Apartment / Condo / Townhouse,,Composition Shingle
260000,2002,352,107,4,2,1719,1955,10585,1,23,6,1,0,18,1,5,40,76,54,3,Single-Family,Siding (Alum/Vinyl),Composition Shingle
400000,2011,372,113,4,2,1721,1964,11761,1,14,7,1,1,14,0,3,34,78,32,3,Single-Family,Siding (Alum/Vinyl),Composition Shingle
575000,2005,409,124,4,2,1736,1976,10842,1,53,1,3,8,39,2,18,45,96,84,3,Single-Family,Metal,Composition Shingle
390000,2003,430,131,4,2,1744,1978,8768,1,0,0,0,0,1,0,3,43,95,77,2,Single-Family,Siding (Alum/Vinyl),Composition Shingle
500000,2015,553,168,4,2,1746,1964,19602,1,3,1,1,1,5,0,6,45,83,75,3,Single-Family,Siding (Alum/Vinyl),Composition Shingle
304000,2015,308,87,4,2,1755,1964,10010,1,5,3,1,1,9,0,4,36,75,35,3,Single-Family,Combination,
204000,2008,287,73,4,2,1760,1973,1742,,8,1,1,0,13,1,7,34,82,35,3,Apartment / Condo / Townhouse,,Composition Shingle
335000,2009,368,112,4,2,1772,1957,11761,1,7,2,0,0,9,1,13,37,78,45,3,Single-Family,Brick,Composition Shingle
210000,1998,438,133,4,2,1791,1967,14810,1,16,3,1,1,24,3,15,41,80,55,3,Single-Family,Brick,Composition Shingle
495000,2006,385,117,4,2,1795,1956,10698,1,6,1,0,0,16,1,7,33,62,44,3,Single-Family,Brick,Composition Shingle
440000,2014,516,157,4,2,1800,1952,10310,1,95,7,13,20,234,4,26,38,64,73,3,Single-Family,Other,Composition Shingle
225000,2011,339,87,4,2,1800,1981,10454,1,79,4,3,14,172,4,28,35,50,66,3,Single-Family,,Asphalt
425000,2005,360,109,4,2,1810,1983,2426,1,28,4,4,2,21,2,8,26,75,81,2,Apartment / Condo / Townhouse,Siding (Alum/Vinyl),Composition Shingle
387700,2012,422,128,4,2,1820,1951,10393,1,26,5,2,2,24,1,8,38,84,54,3,Single-Family,Siding (Alum/Vinyl),Composition Shingle
625000,2005,565,172,4,2,1820,1968,12196,1,28,4,4,2,33,3,7,48,86,76,3,Single-Family,Metal,Composition Shingle
358900,2010,400,122,4,2,1824,1979,11761,1,13,6,1,0,11,0,9,36,87,61,3,Single-Family,Siding (Alum/Vinyl),Composition Shingle
340000,2010,352,107,4,2,1848,1976,8659,1,56,12,2,4,46,3,18,42,90,59,3,Single-Family,Siding (Alum/Vinyl),Composition Shingle
540000,2005,368,112,4,2,1858,1984,8428,1,13,3,0,0,9,1,5,42,77,50,3,Single-Family,Siding (Alum/Vinyl),Composition Shingle
515000,2004,549,167,4,2,1868,1973,12196,1,20,5,1,1,16,0,7,41,78,62,3,Single-Family,Siding (Alum/Vinyl),Composition Shingle
708121,2005,499,152,4,2,1880,1986,10798,1,6,1,0,0,3,0,0,44,94,78,2,Single-Family,Siding (Alum/Vinyl),Composition Shingle
502250,2004,532,162,4,2,1882,1979,29185,1,0,0,0,0,0,0,5,49,91,83,1,Single-Family,Siding (Alum/Vinyl),Composition Shingle
580000,2011,573,174,4,2,1888,1969,1936,1,2,0,0,0,2,1,6,38,70,89,3,Apartment / Condo / Townhouse,Brick,Composition Shingle
649000,2005,467,142,4,2,1900,1955,21780,1,14,3,1,1,15,1,7,36,86,50,3,Single-Family,Siding (Alum/Vinyl),Composition Shingle
202530,1999,411,106,4,2,1907,1998,3484,,2,0,0,0,10,3,8,39,74,70,3,Single-Family,,Composition Shingle
399000,2003,409,124,4,2,1915,1985,10441,1,7,2,0,1,14,0,8,41,82,38,2,Single-Family,Wood,Composition Shingle
232200,1996,471,143,4,2,1918,1965,10511,1,38,4,0,5,43,5,13,44,100,72,3,Single-Family,Brick,Composition Shingle
350400,2013,368,94,4,2,1942,1973,8276,,10,2,1,1,5,0,5,37,86,53,3,Single-Family,,Composition Shingle
375000,2008,441,134,4,2,1950,1974,10643,1,14,2,3,2,7,3,7,38,83,67,1,Single-Family,Brick,Composition Shingle
268000,2001,407,124,4,2,1958,1979,9400,1,19,2,0,1,12,1,10,36,92,76,2,Single-Family,Siding (Alum/Vinyl),Composition Shingle
274900,2008,351,107,4,2,1976,1975,8890,1,16,3,2,2,19,2,11,36,87,61,3,Single-Family,Siding (Alum/Vinyl),Composition Shingle
384406,2008,370,105,4,2,1979,2008,10001,1,5,0,1,0,8,3,2,32,88,45,3,Single-Family,Siding (Alum/Vinyl),
235000,1996,594,181,4,2,1992,1975,9504,1,7,2,0,1,8,0,5,41,78,62,3,Single-Family,Siding (Alum/Vinyl),Composition Shingle
485000,2005,364,111,4,2,2000,1960,8511,1,66,3,10,7,126,4,8,37,70,36,3,Single-Family,Brick,Composition Shingle
451500,2007,352,107,4,2,2022,1955,10197,1,64,14,5,2,48,3,7,29,85,36,3,Single-Family,Brick,Composition Shingle
418000,2014,343,104,4,2,2031,1962,14810,1,18,5,2,3,20,2,19,56,58,54,3,Single-Family,Wood,Composition Shingle
555000,2012,503,153,4,2,2032,1991,8607,1,0,0,0,0,1,0,2,42,97,68,2,Single-Family,Siding (Alum/Vinyl),Composition Shingle
345000,2012,387,99,4,2,2040,1974,7840,,10,2,1,1,4,0,4,37,86,53,3,Single-Family,,Composition Shingle
375000,2011,360,109,4,2,2051,1974,8890,1,86,5,8,4,34,1,13,32,62,63,3,Single-Family,Siding (Alum/Vinyl),Other
550500,2004,594,181,4,2,2065,1961,15681,1,0,0,0,0,0,2,3,46,80,86,3,Single-Family,Brick,Asphalt
630000,2005,567,188,4,2,2067,1948,4700,1,42,6,6,4,47,15,30,34,57,72,3,Single-Family,Brick,Asphalt
590000,2014,519,158,4,2,2096,1994,6438,1,26,3,4,2,16,3,10,43,61,51,2,Single-Family,Brick,Asphalt
306484,2016,402,103,4,2,2102,1987,3920,1,37,6,5,4,42,1,11,33,60,56,3,Single-Family,,Wood Shake/ Shingles
495000,2014,430,131,4,2,2104,1963,10497,1,6,1,0,1,6,0,8,41,85,66,3,Single-Family,Brick,Composition Shingle
642000,2011,586,178,4,2,2106,1959,10890,1,0,0,1,0,2,1,3,40,86,74,3,Single-Family,Brick,Composition Shingle
414000,2004,348,98,4,2,2112,1999,16552,1,12,2,0,0,11,2,5,32,88,45,3,Single-Family,Combination,Composition Shingle
215000,1999,491,149,4,2,2125,1966,10567,1,12,4,2,1,15,1,7,31,77,54,3,Single-Family,Brick,Composition Shingle
415000,2012,409,124,4,2,2144,1968,9513,1,6,2,0,0,0,0,3,42,86,71,2,Single-Family,Siding (Alum/Vinyl),Composition Shingle
673000,2005,590,180,4,2,2145,1970,10815,1,18,1,1,1,28,0,7,48,88,78,3,Single-Family,Siding (Alum/Vinyl),Composition Shingle
700000,2007,696,212,4,2,2146,1974,26571,1,0,0,0,0,0,0,0,47,92,84,3,Single-Family,Brick,Composition Shingle
700000,2011,590,180,4,2,2152,1967,14810,1,0,0,0,0,0,0,2,40,75,57,3,Single-Family,Brick,Composition Shingle
253000,2000,491,149,4,2,2158,1980,10890,1,0,0,0,0,0,0,1,40,91,71,3,Single-Family,Metal,Composition Shingle
450000,2012,450,137,4,2,2196,1966,18295,1,20,5,2,1,16,0,12,41,65,65,3,Single-Family,Brick,Composition Shingle
385000,2015,339,96,4,2,2200,1999,10502,1,7,1,0,0,4,0,3,39,83,55,2,Single-Family,Siding (Alum/Vinyl),Composition Shingle
464800,2009,471,143,4,2,2232,1983,13068,1,19,2,2,1,19,0,8,43,95,77,2,Single-Family,Siding (Alum/Vinyl),Other
575000,2007,438,133,4,2,2246,1979,11761,1,12,6,0,3,13,0,6,37,85,72,3,Single-Family,Siding (Alum/Vinyl),Composition Shingle
429800,2005,321,91,4,2,2280,2005,2909,1,2,0,0,0,8,0,1,30,100,75,3,Apartment / Condo / Townhouse,Brick,
281990,2002,374,106,4,2,2294,2000,14374,1,12,2,0,0,8,0,7,28,90,62,2,Single-Family,Siding (Alum/Vinyl),Composition Shingle
579000,2010,532,162,4,2,2295,1965,10798,1,59,1,12,8,45,3,12,49,75,57,2,Single-Family,Brick,Composition Shingle
550000,2013,491,149,4,2,2296,1972,11761,1,11,6,0,3,9,0,6,37,85,72,3,Single-Family,Siding (Alum/Vinyl),Composition Shingle
307310,2016,306,87,4,2,2298,2004,4007,1,26,3,2,4,15,0,12,38,83,48,3,Single-Family,Combination,Composition Shingle
620000,2013,582,177,4,2,2299,1949,12632,1,45,6,4,4,56,1,18,43,71,78,3,Single-Family,Brick,Composition Shingle
297500,1995,553,168,4,2,2300,1966,11325,1,9,1,0,6,6,1,4,47,88,74,3,Single-Family,Siding (Alum/Vinyl),Wood Shake/ Shingles
560000,2006,450,137,4,2,2300,1968,9024,1,20,2,2,5,22,0,7,51,87,64,3,Single-Family,Siding (Alum/Vinyl),Shake Shingle
585000,2011,520,158,4,2,2300,1970,15245,1,23,7,1,1,11,1,3,49,79,70,3,Single-Family,Brick,Composition Shingle
368765,2013,361,102,4,2,2348,2013,9683,1,0,0,0,0,5,0,2,31,80,47,2,Single-Family,Siding (Alum/Vinyl),
540000,2011,549,167,4,2,2352,1979,17424,1,18,2,0,1,12,1,10,36,92,76,2,Single-Family,Siding (Alum/Vinyl),Composition Shingle
419000,2012,450,137,4,2,2382,1976,15681,1,14,2,3,2,9,3,6,38,83,67,1,Single-Family,Brick,Composition Shingle
475000,2014,490,149,4,2,2388,1985,8537,1,0,0,0,0,6,1,10,39,72,60,1,Single-Family,Siding (Alum/Vinyl),Composition Shingle
370000,2002,395,137,4,2,2392,1962,16117,,51,7,3,8,48,5,13,47,79,64,3,Single-Family,Combination,
269900,2002,405,114,4,2,2394,1988,8197,1,23,4,2,4,30,0,11,34,76,56,3,Single-Family,Combination,
595000,2009,556,169,4,2,2400,1969,13939,1,9,4,0,0,6,2,2,49,79,70,3,Single-Family,Brick,Composition Shingle
420000,2013,405,114,4,2,2402,1976,48787,1,28,5,3,5,29,1,11,38,83,48,3,Single-Family,Combination,Composition Shingle
380000,2009,499,128,4,2,2404,1985,21344,1,37,6,5,4,42,1,11,35,74,48,3,Single-Family,,Composition Shingle
535000,2012,532,162,4,2,2463,1977,10890,1,3,0,0,1,6,0,7,34,92,78,3,Single-Family,Metal,Composition Shingle
375000,2008,475,144,4,2,2472,1954,16552,1,50,15,9,5,61,1,11,29,55,28,3,Single-Family,Brick,Composition Shingle
525000,2012,586,178,4,2,2496,1970,14374,1,7,0,0,0,5,0,12,40,59,62,3,Single-Family,Brick,Composition Shingle
665000,2007,553,168,4,2,2510,1983,12632,1,25,4,1,5,29,6,18,45,65,76,3,Single-Family,Siding (Alum/Vinyl),Asphalt
650000,2005,395,137,4,2,2523,1892,20037,,60,3,7,6,44,5,26,42,56,60,3,Single-Family,Wood,
342500,2010,351,99,4,2,2541,1979,60983,,5,1,0,0,4,0,2,46,92,47,3,Single-Family,,
205000,2000,397,121,4,2,2559,1980,10044,1,36,11,3,5,37,0,6,38,63,46,3,Single-Family,Siding (Alum/Vinyl),Composition Shingle
369990,2000,512,156,4,2,2582,1995,13068,1,1,0,0,0,3,0,1,45,87,71,3,Single-Family,Siding (Alum/Vinyl),Composition Shingle
448574,2013,499,121,4,2,2588,2013,4717,1,40,8,4,5,37,1,17,34,79,31,3,Single-Family,Siding (Alum/Vinyl),Asphalt
455000,2003,623,189,4,2,2594,1979,6921,1,28,5,3,4,32,0,10,40,72,86,3,Single-Family,Metal,Composition Shingle
260000,2013,351,99,4,2,2600,1947,14374,1,11,2,0,1,12,2,5,32,85,42,3,Single-Family,Siding (Alum/Vinyl),
398000,2013,351,99,4,2,2603,2004,3598,1,32,3,2,4,30,2,12,29,81,41,1,Apartment / Condo / Townhouse,Brick,
504000,2012,524,159,4,2,2615,1971,18730,1,13,2,3,2,8,5,6,45,78,68,1,Single-Family,Brick,Composition Shingle
384900,2014,370,104,4,2,2616,1980,52707,1,2,0,0,0,3,0,1,46,92,47,3,Single-Family,Siding (Alum/Vinyl),
352000,2002,630,162,4,2,2632,1969,436471,1,0,0,0,0,0,0,2,49,78,72,3,Single-Family,,Composition Shingle
271500,2000,385,109,4,2,2640,1993,58806,1,0,0,0,0,1,0,1,45,85,53,3,Single-Family,Siding (Alum/Vinyl),
640000,2004,623,190,4,2,2681,1900,10454,1,15,3,0,1,17,0,10,35,70,73,3,Single-Family,Siding (Alum/Vinyl),asphalt
271135,2000,396,112,4,2,2688,1993,11761,1,2,0,2,0,3,1,2,30,93,54,1,Single-Family,Siding (Alum/Vinyl),
570000,2013,594,168,4,2,2720,2013,435600,1,0,0,0,0,1,0,0,41,67,24,3,Single-Family,Siding (Alum/Vinyl),
242500,1996,479,146,4,2,2728,1988,7492,1,25,2,3,3,8,0,7,40,80,71,3,Single-Family,Metal,Composition Shingle
310000,2002,651,189,4,2,2768,1937,9952,1,147,19,14,19,126,6,34,37,52,83,3,Single-Family,Combination,Composition Shingle
290000,2010,330,93,4,2,2770,2002,7962,1,13,3,1,0,12,0,4,39,83,55,2,Single-Family,Siding (Alum/Vinyl),Composition Shingle
745975,2006,553,142,4,2,2789,2006,10018,1,39,8,4,5,31,4,19,32,67,70,3,Single-Family,,Composition Shingle
480000,2003,479,146,4,2,2887,1996,10763,1,42,6,5,4,21,1,11,30,91,45,3,Single-Family,Siding (Alum/Vinyl),Composition Shingle
510000,2013,573,174,4,2,2938,1952,10576,1,118,16,12,14,99,3,16,46,64,76,3,Single-Family,Brick,Composition Shingle
800000,2011,684,208,4,2,2949,1989,24829,1,0,1,0,0,0,0,0,49,91,83,1,Single-Family,Metal,Composition Shingle
705000,2008,590,180,4,2,2966,1994,10537,1,6,0,0,1,6,0,3,42,97,68,2,Single-Family,Siding (Alum/Vinyl),Composition Shingle
645000,2005,491,149,4,2,3000,1925,27878,1,17,4,0,1,13,2,12,43,73,61,1,Single-Family,Siding (Alum/Vinyl),Asbestos
342095,2002,374,106,4,2,3000,2002,7500,1,1,0,0,0,4,1,3,32,85,42,3,Single-Family,Combination,Composition Shingle
361000,1998,614,187,4,2,3008,1998,11325,1,10,1,0,2,4,0,7,44,94,66,3,Single-Family,"Rock, Stone",Composition Shingle
290000,1997,706,234,4,2,3024,1947,8250,1,15,3,1,3,36,5,13,37,71,80,3,Single-Family,Brick,Asphalt
406325,2004,455,117,4,2,3038,2004,3484,1,11,1,3,1,14,3,8,29,78,73,3,Apartment / Condo / Townhouse,,Composition Shingle
555000,2014,483,147,4,2,3054,1970,15245,1,10,1,1,0,10,0,9,46,94,54,3,Single-Family,Brick,Composition Shingle
250000,1997,483,147,4,2,3069,1989,13068,1,64,6,7,4,27,2,14,30,91,45,3,Single-Family,Metal,Composition Shingle
325000,2012,352,107,4,2,3145,1977,3147,1,23,2,3,1,21,1,2,32,81,25,3,Single-Family,Siding (Alum/Vinyl),shake-shingle
636870,2006,485,124,4,2,3162,2006,3484,,11,1,3,1,14,3,8,29,78,73,3,Apartment / Condo / Townhouse,,Composition Shingle
310000,1994,635,193,4,2,3195,1980,21780,1,0,0,0,0,2,1,2,43,89,87,3,Single-Family,Metal,asphalt
418040,2004,418,118,4,2,3373,2004,7566,1,2,0,1,0,3,0,3,33,92,64,2,Single-Family,Combination,
748800,2008,378,107,4,2,3423,2005,4181,1,21,2,1,4,27,2,9,34,79,55,3,Single-Family,Siding (Alum/Vinyl),
345000,2013,387,110,4,2,3528,1979,10166,1,51,7,6,3,47,3,17,41,89,53,3,Single-Family,Siding (Alum/Vinyl),
661000,2004,655,199,4,2,3556,1980,13068,1,26,5,0,3,37,6,14,31,62,53,3,Single-Family,Metal,Composition Shingle
464665,2009,533,137,4,2,3608,2009,7840,1,1,0,0,2,2,0,4,31,93,76,1,Single-Family,,Composition Shingle
745000,2012,655,200,4,2,3674,1980,72309,1,2,0,0,0,6,0,3,47,89,66,3,Single-Family,Wood,Composition Shingle
294996,2002,413,117,4,2,3711,2003,7405,1,25,2,1,3,19,2,10,32,78,57,3,Single-Family,Siding (Alum/Vinyl),Composition Shingle
503000,1998,676,206,4,2,3780,1978,37461,1,0,0,0,0,0,0,0,40,85,48,2,Single-Family,Brick,Asphalt
257840,1997,593,181,4,2,3796,1978,20473,1,0,0,0,0,1,0,0,49,91,83,1,Single-Family,Metal,Composition Shingle
523000,2014,528,136,4,2,3948,1992,10890,1,1,0,0,1,4,1,5,33,72,50,3,Single-Family,,Composition Shingle
550000,2014,548,141,4,2,4260,2000,8712,1,2,0,0,1,0,0,1,30,94,84,3,Single-Family,,Composition Shingle
466222,2010,502,142,4,2,4470,2010,13503,1,0,0,0,0,1,1,2,33,76,56,2,Single-Family,Siding (Alum/Vinyl),Composition Shingle
502330,2000,688,209,4,2,4609,2000,10463,1,23,3,2,2,24,2,7,49,82,68,2,Single-Family,Metal,Asphalt
595000,1999,1045,318,4,2,5050,1999,15681,1,5,0,0,0,6,1,9,38,70,89,3,Single-Family,Brick,Composition Shingle
565200,2009,599,154,4,2,5193,2009,13503,1,0,0,0,0,0,0,3,29,98,76,2,Single-Family,,Composition Shingle
500000,2015,844,257,4,3,693,1956,13068,1,42,5,3,4,49,1,15,43,71,78,3,Single-Family,Brick,Metal
335000,2016,450,137,4,3,988,1955,10733,1,24,4,1,4,15,1,5,44,79,47,3,Single-Family,Brick,Composition Shingle
380000,2015,418,127,4,3,1034,1986,7967,1,0,0,0,0,3,0,3,41,65,65,3,Single-Family,Siding (Alum/Vinyl),Composition Shingle
219900,2003,254,77,4,3,1140,1985,0,1,11,2,0,4,9,3,12,32,54,62,1,Single-Family,Siding (Alum/Vinyl),Composition Shingle
249950,2000,500,152,4,3,1176,1962,10497,1,67,6,4,9,88,4,26,42,74,67,3,Single-Family,Brick,Composition Shingle
240000,2008,286,87,4,3,1188,1971,1428,1,10,4,0,2,16,1,9,44,81,41,2,Apartment / Condo / Townhouse,Siding (Alum/Vinyl),Composition Shingle
507000,2005,368,112,4,3,1206,1979,9151,1,0,0,0,0,1,0,1,37,87,64,2,Single-Family,Siding (Alum/Vinyl),Composition Shingle
380100,2016,384,117,4,3,1220,1984,1440,1,18,4,1,3,20,2,15,35,70,73,3,Apartment / Condo / Townhouse,Brick,Composition Shingle
205000,2000,389,118,4,3,1249,1977,8894,1,135,12,7,12,79,9,39,37,69,48,3,Single-Family,Metal,Composition Shingle
357000,2011,359,109,4,3,1274,1978,2556,1,13,1,0,0,7,1,6,34,83,47,3,Single-Family,Wood,Composition Shingle
428000,2006,286,87,4,3,1280,1971,1498,1,13,1,0,0,7,2,11,43,73,61,3,Apartment / Condo / Townhouse,Brick,Composition Shingle
320000,2013,326,92,4,3,1296,1964,20908,1,41,5,4,1,39,0,3,38,70,25,3,Single-Family,Brick,
540000,2006,471,143,4,3,1314,1978,8509,1,26,5,6,5,25,3,16,37,53,63,3,Single-Family,Siding (Alum/Vinyl),Composition Shingle
300000,2011,441,134,4,3,1324,1963,11325,1,7,1,2,0,11,1,3,44,77,56,3,Single-Family,Brick,Composition Shingle
368900,2004,401,122,4,3,1340,1968,10552,1,5,3,0,1,14,0,4,43,73,61,1,Single-Family,Brick,Composition Shingle
225000,1994,471,143,4,3,1350,1960,13503,1,23,0,4,2,18,2,10,49,75,57,2,Single-Family,Brick,Composition Shingle
765000,2007,633,219,4,3,1354,1954,8976,1,74,6,18,5,43,9,39,48,54,89,3,Single-Family,Brick veneer,Shake Shingle
384350,2004,350,106,4,3,1360,1978,1440,1,16,9,1,0,35,1,4,52,62,64,3,Apartment / Condo / Townhouse,Brick,Composition Shingle
330000,2015,291,88,4,3,1360,1987,2325,1,96,8,7,9,49,6,15,30,84,59,3,Single-Family,Brick,Composition Shingle
214900,2001,344,88,4,3,1360,1997,2613,1,13,2,2,4,17,1,10,32,67,70,3,Apartment / Condo / Townhouse,,Composition Shingle
560000,2006,482,147,4,3,1363,1972,10667,1,10,1,1,1,6,1,9,34,80,70,2,Single-Family,Siding (Alum/Vinyl),Composition Shingle
569500,2005,430,131,4,3,1364,1958,33105,1,10,5,1,0,12,0,4,50,89,60,3,Single-Family,Brick,Composition Shingle
206000,2012,292,71,4,3,1364,1993,1760,1,46,7,7,3,49,11,16,28,75,28,3,Apartment / Condo / Townhouse,Siding (Alum/Vinyl),Asphalt
329000,1999,712,217,4,3,1370,1958,18295,1,42,3,2,6,55,2,22,43,79,81,3,Single-Family,Brick,Composition Shingle
581710,2005,458,152,4,3,1374,1959,8093,1,67,14,17,16,60,6,17,52,65,82,3,Single-Family,Brick,Asphalt
319900,2005,274,78,4,3,1376,2002,1459,1,12,1,1,0,11,0,7,28,76,42,3,Apartment / Condo / Townhouse,Brick,Composition Shingle
276270,2003,358,92,4,3,1388,2000,1306,1,31,3,2,0,37,4,30,32,50,58,3,Apartment / Condo / Townhouse,,Other
350000,2006,303,86,4,3,1388,2002,2652,1,4,1,0,0,2,0,5,36,70,39,1,Apartment / Condo / Townhouse,Siding (Alum/Vinyl),
336873,2011,224,63,4,3,1412,2001,2108,1,14,1,1,1,12,0,7,28,76,42,3,Apartment / Condo / Townhouse,Siding (Alum/Vinyl),Composition Shingle
495000,2015,614,187,4,3,1460,1956,12196,1,49,16,7,6,51,0,7,29,55,28,3,Single-Family,Brick,Composition Shingle
390000,2008,430,131,4,3,1464,1967,10454,1,10,1,1,0,9,0,10,44,84,61,3,Single-Family,Brick,Composition Shingle
660000,2006,560,171,4,3,1464,1970,13068,1,3,1,1,1,4,0,3,40,87,65,3,Single-Family,Wood,Composition Shingle
610000,2009,573,174,4,3,1466,1953,13503,1,7,1,0,3,10,2,7,47,80,81,3,Single-Family,Brick,Composition Shingle
480000,2004,524,160,4,3,1485,1969,17424,1,15,3,1,4,14,3,14,46,78,77,3,Single-Family,Siding (Alum/Vinyl),Composition Shingle
357000,2015,343,104,4,3,1496,1976,1585,1,0,0,0,0,6,1,10,31,68,54,1,Apartment / Condo / Townhouse,Siding (Alum/Vinyl),Composition Shingle
392798,2010,343,104,4,3,1496,1976,1650,1,16,8,1,0,35,1,4,52,62,64,3,Apartment / Condo / Townhouse,Brick,Composition Shingle
210920,2002,220,62,4,3,1496,1990,1551,1,59,4,9,5,77,3,9,34,61,30,3,Apartment / Condo / Townhouse,Brick,
416000,2004,364,111,4,3,1503,1970,1542,1,29,7,5,7,28,0,9,36,66,49,3,Apartment / Condo / Townhouse,Brick,Composition Shingle
330000,2008,359,109,4,3,1512,1972,1433,1,17,0,1,1,13,8,21,32,63,70,3,Apartment / Condo / Townhouse,Stucco,Other
345000,2016,389,118,4,3,1534,1975,1759,1,25,3,1,4,22,3,14,45,61,70,3,Apartment / Condo / Townhouse,Brick,Composition Shingle
421900,2006,349,90,4,3,1536,1995,2178,1,17,4,0,2,13,0,10,38,80,84,2,Apartment / Condo / Townhouse,,Composition Shingle
349000,2002,434,132,4,3,1537,1979,8450,1,5,3,0,1,13,0,3,44,68,48,1,Single-Family,Brick,Composition Shingle
280000,2013,281,79,4,3,1538,1991,1738,1,52,3,8,4,70,3,9,29,80,24,3,Apartment / Condo / Townhouse,Brick,
417000,2007,360,110,4,3,1540,1971,2533,1,18,5,0,2,16,2,11,42,55,72,3,Apartment / Condo / Townhouse,Brick,Composition Shingle
500000,2004,520,158,4,3,1540,1983,10058,1,66,6,9,10,80,11,27,45,65,76,3,Single-Family,Wood,Wood Shake/ Shingles
272000,2000,472,143,4,3,1546,1984,4978,1,20,1,0,3,15,0,12,42,56,81,3,Single-Family,Wood,Wood Shake/ Shingles
540000,2010,508,154,4,3,1560,1981,8934,1,9,1,0,3,7,0,5,37,70,62,3,Single-Family,Metal,Composition Shingle
259000,1997,602,183,4,3,1566,1967,1890,1,55,4,3,6,64,3,19,46,77,88,3,Apartment / Condo / Townhouse,Brick,Composition Shingle
535000,2012,491,149,4,3,1584,1995,1804,1,22,3,2,4,22,1,13,40,73,86,3,Apartment / Condo / Townhouse,Siding (Alum/Vinyl),Composition Shingle
675000,2005,573,175,4,3,1593,1956,28314,1,1,0,0,0,2,0,4,51,81,81,3,Single-Family,Brick,Composition Shingle
405000,2009,442,134,4,3,1600,1998,1600,1,22,1,4,0,17,1,8,40,68,70,2,Apartment / Condo / Townhouse,Siding (Alum/Vinyl),Composition Shingle
370000,1998,635,193,4,3,1604,1958,10724,1,6,4,0,1,5,0,3,43,72,66,3,Single-Family,Brick,Composition Shingle
265000,2008,339,87,4,3,1670,1996,1742,1,25,1,2,0,20,3,12,32,59,51,3,Apartment / Condo / Townhouse,,Composition Shingle
212000,1997,474,144,4,3,1671,1965,12196,1,21,5,2,1,17,1,8,44,77,56,3,Single-Family,Brick,Composition Shingle
595000,2005,573,174,4,3,1672,1971,3840,1,45,6,4,4,52,2,18,44,80,83,3,Apartment / Condo / Townhouse,Brick,Composition Shingle
360000,2007,299,85,4,3,1680,1988,1760,1,8,2,3,0,18,0,12,37,85,53,3,Apartment / Condo / Townhouse,Brick,
300000,2010,334,94,4,3,1680,2005,2274,1,8,1,0,1,4,0,2,34,84,52,2,Apartment / Condo / Townhouse,Brick,Composition Shingle
309990,2008,299,84,4,3,1680,2007,2509,1,0,0,0,0,6,0,2,31,80,47,3,Apartment / Condo / Townhouse,Siding (Alum/Vinyl),
710165,2014,601,183,4,3,1682,2014,1149,1,25,6,4,7,33,2,12,44,70,54,3,Apartment / Condo / Townhouse,Other,Composition Shingle
391000,2014,404,104,4,3,1702,2007,2178,1,2,0,0,0,3,0,10,30,76,69,2,Apartment / Condo / Townhouse,,Composition Shingle
502000,2007,396,121,4,3,1707,1975,16117,1,0,0,0,0,3,0,4,43,74,69,3,Single-Family,Brick,Shake Shingle
510000,2014,436,133,4,3,1716,1993,1760,1,48,7,5,4,44,4,10,35,49,84,2,Apartment / Condo / Townhouse,Brick,Composition Shingle
454500,2015,532,162,4,3,1745,1940,5623,1,136,18,14,17,121,5,32,37,75,50,3,Single-Family,Brick,Composition Shingle
350550,2015,491,150,4,3,1750,1950,7466,1,9,3,1,3,19,2,9,44,68,56,3,Single-Family,Siding (Alum/Vinyl),Composition Shingle
389900,2004,483,147,4,3,1752,1984,1584,1,31,4,3,5,24,2,16,34,66,72,3,Apartment / Condo / Townhouse,Brick,Composition Shingle
226000,1994,500,152,4,3,1764,1969,16552,1,14,2,3,2,9,5,6,45,78,68,1,Single-Family,Brick,Composition Shingle
390000,2011,482,147,4,3,1768,1961,18295,1,78,8,6,9,97,4,33,42,74,67,3,Single-Family,Wood,Composition Shingle
375000,2015,389,118,4,3,1768,1979,2500,1,0,0,0,0,2,0,0,36,83,66,3,Single-Family,Siding (Alum/Vinyl),Composition Shingle
775000,2005,720,249,4,3,1773,1960,10001,1,0,0,0,0,2,4,11,43,84,87,3,Single-Family,Brick veneer,Composition Shingle
532000,2006,483,147,4,3,1786,1982,2310,1,31,4,3,5,20,2,16,34,66,72,3,Apartment / Condo / Townhouse,Brick,Composition Shingle
388000,2010,368,112,4,3,1800,1978,9950,1,6,2,0,0,3,1,8,36,87,61,3,Single-Family,Siding (Alum/Vinyl),Composition Shingle
429000,2005,356,108,4,3,1800,1983,2099,1,0,1,0,0,7,2,11,31,68,54,1,Apartment / Condo / Townhouse,Siding (Alum/Vinyl),Composition Shingle
265500,2014,330,93,4,3,1821,1971,13068,1,2,1,0,1,6,0,2,38,73,33,3,Single-Family,Siding (Alum/Vinyl),
301500,2011,387,99,4,3,1839,1973,7840,,7,0,0,0,7,0,4,37,86,53,3,Single-Family,,Composition Shingle
375000,2015,363,93,4,3,1839,1974,7840,,10,2,1,1,6,0,5,37,86,53,3,Single-Family,,Composition Shingle
458000,2010,409,125,4,3,1860,1994,1820,1,62,7,8,7,64,5,15,37,80,59,3,Apartment / Condo / Townhouse,Brick,Composition Shingle
265000,2011,319,97,4,3,1872,1986,3099,1,88,8,8,8,47,5,15,38,68,53,3,Apartment / Condo / Townhouse,Metal,Composition Shingle
515000,2011,491,149,4,3,1876,1970,13939,1,1,1,1,0,2,0,1,45,80,80,3,Single-Family,Siding (Alum/Vinyl),Asphalt
225000,2009,304,86,4,3,1894,2002,4700,1,19,3,1,0,8,0,2,28,83,39,2,Single-Family,Siding (Alum/Vinyl),Composition Shingle
620000,2007,573,174,4,3,1901,1946,23958,1,66,6,7,12,88,5,25,39,85,55,3,Single-Family,Siding (Alum/Vinyl),Composition Shingle
285000,2012,286,81,4,3,1904,1985,13068,1,11,2,0,1,12,2,3,37,69,36,3,Single-Family,Siding (Alum/Vinyl),
279000,2015,356,108,4,3,1905,1955,8398,1,19,5,0,3,25,5,24,39,71,68,3,Single-Family,Stucco,Composition Shingle
367000,2010,393,120,4,3,1930,1966,10532,1,11,1,0,1,45,0,11,36,53,56,3,Single-Family,Brick,Composition Shingle
420000,2012,480,123,4,3,1936,1994,1742,1,60,3,7,6,54,2,18,38,77,71,3,Apartment / Condo / Townhouse,,Composition Shingle
445000,2001,614,187,4,3,1976,1994,2027,1,146,4,19,26,335,10,34,45,70,71,3,Apartment / Condo / Townhouse,Brick,Composition Shingle
384650,2011,436,112,4,3,1980,1985,8276,1,11,0,0,1,10,1,10,39,72,62,3,Single-Family,,Composition Shingle
402500,2003,434,132,4,3,2008,2001,2214,1,27,2,3,1,24,1,3,32,81,25,3,Apartment / Condo / Townhouse,Siding (Alum/Vinyl),Composition Shingle
480000,2010,612,212,4,3,2020,1925,5222,1,38,7,3,7,44,2,47,33,59,82,3,Single-Family,Concrete,Composition Shingle
465000,2013,430,131,4,3,2020,1965,20037,1,33,11,2,1,27,2,7,34,76,43,3,Single-Family,Brick,Composition Shingle
499000,2005,361,102,4,3,2032,1979,15245,1,10,3,3,1,18,1,10,37,68,60,3,Single-Family,Combination,
450000,2009,458,139,4,3,2033,1966,14374,1,1,0,0,0,2,0,6,48,74,76,3,Single-Family,Brick,Composition Shingle
550000,2008,589,179,4,3,2038,1978,2058,1,21,1,0,3,19,0,12,43,61,86,3,Apartment / Condo / Townhouse,Brick,Composition Shingle
310100,1997,647,197,4,3,2060,1997,2003,1,111,6,20,21,245,4,31,40,72,86,3,Apartment / Condo / Townhouse,Brick,Composition Shingle
490000,2006,421,128,4,3,2072,1999,1581,1,11,1,0,1,44,0,13,37,61,56,3,Apartment / Condo / Townhouse,Siding (Alum/Vinyl),Composition Shingle
468000,2006,454,138,4,3,2090,1979,2639,1,33,5,4,5,27,2,17,34,66,72,3,Apartment / Condo / Townhouse,Brick,Composition Shingle
315000,1999,557,169,4,3,2098,1962,21780,1,2,1,1,0,4,1,4,40,87,65,3,Single-Family,Brick,Composition Shingle
361000,2001,586,178,4,3,2100,1957,14374,1,3,1,0,0,3,2,1,45,80,80,3,Single-Family,Siding (Alum/Vinyl),Shake Shingle
448000,2008,409,125,4,3,2100,1958,24393,1,28,11,1,4,34,1,3,41,70,61,3,Single-Family,Brick,Composition Shingle
378000,2009,368,112,4,3,2100,1976,10149,1,12,5,1,0,12,1,9,36,87,61,3,Single-Family,Siding (Alum/Vinyl),Composition Shingle
295000,2012,278,84,4,3,2108,1969,3084,1,12,10,1,0,22,0,6,38,55,38,3,Apartment / Condo / Townhouse,Brick,Composition Shingle
465000,2008,439,134,4,3,2128,2002,3563,1,25,2,0,2,25,1,7,35,93,62,2,Single-Family,Siding (Alum/Vinyl),Composition Shingle
558000,2004,466,142,4,3,2130,1976,21780,1,0,0,0,0,0,0,1,47,93,81,3,Single-Family,Siding (Alum/Vinyl),Asphalt
730000,2007,610,186,4,3,2134,1977,37026,1,5,1,2,2,5,0,8,43,91,86,3,Single-Family,Siding (Alum/Vinyl),Composition Shingle
642000,2001,853,296,4,3,2138,1941,9121,1,21,5,2,8,33,2,30,47,78,89,3,Single-Family,Brick veneer,Composition Shingle
364900,2003,434,132,4,3,2139,1985,8576,1,57,5,5,5,33,4,14,38,96,59,3,Single-Family,Siding (Alum/Vinyl),Composition Shingle
460000,2007,512,156,4,3,2177,1966,14374,1,21,5,2,1,17,0,8,41,80,82,3,Single-Family,Brick,Composition Shingle
632500,2005,537,163,4,3,2180,1998,2718,1,79,12,6,6,75,0,20,42,65,65,3,Apartment / Condo / Townhouse,Brick,Composition Shingle
507000,2016,606,184,4,3,2208,1965,10497,1,83,3,9,11,71,5,33,45,70,71,3,Single-Family,Brick,Composition Shingle
342150,1999,594,181,4,3,2224,1999,2040,1,20,5,2,3,24,2,16,35,70,73,3,Apartment / Condo / Townhouse,Brick,Composition Shingle
399900,2013,412,106,4,3,2236,2009,3049,,2,0,0,0,2,0,8,30,76,69,2,Apartment / Condo / Townhouse,,Composition Shingle
637000,2009,594,206,4,3,2251,1948,7014,1,48,9,3,5,45,4,33,41,73,90,3,Single-Family,Brick veneer,Shake Shingle
640000,2004,581,177,4,3,2272,1985,13068,1,37,4,5,6,64,3,20,42,76,64,3,Single-Family,Brick,Composition Shingle
276325,2001,450,109,4,3,2275,2001,4691,1,13,4,0,3,10,0,6,30,88,34,3,Single-Family,Siding (Alum/Vinyl),Asphalt
520000,2006,422,128,4,3,2286,1968,11761,1,5,3,0,1,14,0,4,42,84,63,1,Single-Family,Brick,Asphalt
560000,2008,520,158,4,3,2298,1994,21780,1,12,2,0,1,5,0,2,44,81,64,2,Single-Family,Siding (Alum/Vinyl),Composition Shingle
399000,2007,330,93,4,3,2304,1978,49658,1,0,0,0,0,0,0,0,45,83,40,3,Single-Family,Siding (Alum/Vinyl),Asphalt
579900,2005,449,127,4,3,2317,1936,28314,1,0,0,0,0,4,0,0,37,72,52,3,Single-Family,Siding (Alum/Vinyl),
630000,2006,532,162,4,3,2321,1965,11325,1,5,4,1,0,18,1,1,45,80,80,3,Single-Family,Brick,Asphalt
250000,2015,384,93,4,3,2335,1964,16552,1,68,13,10,6,72,9,17,47,79,38,3,Single-Family,Siding (Alum/Vinyl),Asphalt
415000,2000,898,298,4,3,2340,1969,1692,1,161,8,30,27,275,26,66,55,55,91,3,Apartment / Condo / Townhouse,Brick,Other
420000,2002,753,229,4,3,2347,1958,10500,1,0,0,0,1,1,2,10,37,80,86,3,Single-Family,Other,Shake Shingle
790000,2006,716,248,4,3,2349,1965,10005,1,18,3,1,5,28,4,19,41,64,84,3,Single-Family,Brick veneer,Composition Shingle
500000,2016,611,212,4,3,2352,1982,9243,1,4,1,0,2,8,0,12,54,87,84,3,Single-Family,Wood Siding,Composition Shingle
420000,2011,430,131,4,3,2362,1977,20037,1,16,2,1,3,16,0,13,41,73,60,3,Single-Family,Siding (Alum/Vinyl),Composition Shingle
474000,2004,531,162,4,3,2375,1965,12196,1,14,3,1,3,14,3,11,46,78,77,3,Single-Family,Brick,Composition Shingle
275000,2001,418,127,4,3,2382,1980,5584,1,27,4,0,4,40,5,12,53,74,62,3,Single-Family,Siding (Alum/Vinyl),Composition Shingle
393878,2010,359,124,4,3,2400,1969,1700,1,98,7,9,8,64,7,24,35,53,56,3,Apartment / Condo / Townhouse,Brick,
515000,2009,532,162,4,3,2400,1970,11325,1,1,1,1,0,2,0,1,45,80,80,3,Single-Family,Siding (Alum/Vinyl),Shake Shingle
730000,2006,716,208,4,3,2400,1998,1704,,104,11,13,14,99,5,34,48,60,77,3,Apartment / Condo / Townhouse,Brick,Composition Shingle
409610,2002,532,162,4,3,2400,2002,3114,1,25,3,1,6,21,0,9,39,72,62,3,Apartment / Condo / Townhouse,Brick,Other
260000,1998,591,196,4,3,2408,1982,14374,1,57,14,16,16,44,4,11,52,65,82,3,Single-Family,Wood,Composition Shingle
250000,1997,561,171,4,3,2411,1983,11325,1,3,0,0,1,4,0,4,44,96,77,3,Single-Family,Siding (Alum/Vinyl),Composition Shingle
492500,2009,491,149,4,3,2413,1968,14810,1,30,4,2,4,48,0,14,42,76,64,3,Single-Family,Brick,Asphalt
329000,1994,648,224,4,3,2422,1950,10802,,72,11,4,9,68,7,36,39,86,81,3,Single-Family,Brick veneer,Composition Shingle
450000,2008,519,133,4,3,2432,1995,15245,1,41,1,7,9,53,7,13,37,69,60,3,Single-Family,,Composition Shingle
247000,2001,385,117,4,3,2438,1978,5932,1,84,9,10,2,96,3,7,33,74,31,3,Single-Family,Siding (Alum/Vinyl),Composition Shingle
675000,2014,573,174,4,3,2440,1985,22215,1,0,0,0,0,2,0,0,49,91,83,1,Single-Family,Siding (Alum/Vinyl),Wood Shake/ Shingles
785000,2013,791,274,4,3,2452,1939,6198,1,123,9,25,18,47,14,41,45,61,83,3,Single-Family,Concrete,Asphalt
535000,2012,524,159,4,3,2455,1983,8215,1,44,4,5,7,60,8,23,45,65,76,3,Single-Family,Siding (Alum/Vinyl),Composition Shingle
435000,2011,384,117,4,3,2457,1985,8838,1,0,0,0,0,1,1,6,38,92,78,3,Single-Family,Siding (Alum/Vinyl),Wood Shake/ Shingles
300000,2002,321,91,4,3,2457,1999,10663,1,13,3,1,0,10,0,3,39,83,55,2,Single-Family,Siding (Alum/Vinyl),Composition Shingle
675000,2006,569,173,4,3,2464,1983,54450,1,0,0,0,0,0,0,0,42,94,64,1,Single-Family,Siding (Alum/Vinyl),Composition Shingle
420000,2003,474,164,4,3,2470,1941,6943,1,133,8,13,17,75,8,53,39,88,93,3,Single-Family,Siding (Alum/Vinyl),Composition Shingle
790000,2006,655,199,4,3,2476,1994,5802,1,12,2,1,3,15,3,12,44,89,87,3,Single-Family,Wood,Composition Shingle
655000,2008,553,168,4,3,2480,1964,14374,1,24,8,2,0,39,2,4,43,74,70,3,Single-Family,Brick,Composition Shingle
221940,1997,466,132,4,3,2482,1997,23522,1,3,0,0,0,1,0,2,34,93,54,3,Single-Family,Combination,
368500,2014,352,99,4,3,2496,1999,4403,1,2,0,1,0,4,0,1,31,82,65,2,Single-Family,Siding (Alum/Vinyl),
630000,2011,819,249,4,3,2500,1962,12196,1,6,1,0,1,9,0,2,40,88,92,3,Single-Family,Brick,Composition Shingle
540000,2013,487,148,4,3,2500,1971,10500,1,19,2,2,1,21,0,9,46,94,54,3,Single-Family,Brick,Composition Shingle
610000,2008,507,154,4,3,2500,1975,66211,1,0,0,0,0,0,0,0,45,89,72,1,Single-Family,Brick,Composition Shingle
494463,2010,582,149,4,3,2501,2010,10890,1,0,0,0,0,1,0,1,37,74,84,3,Single-Family,,Other
590116,2007,548,141,4,3,2503,2007,7405,1,0,0,0,0,0,0,2,29,98,76,2,Single-Family,,Composition Shingle
566000,2004,467,142,4,3,2504,2000,2866,1,27,3,1,3,14,1,6,34,71,58,2,Single-Family,Siding (Alum/Vinyl),Composition Shingle
675000,2007,708,206,4,3,2510,1999,1947,,137,16,16,16,107,5,35,48,60,77,3,Apartment / Condo / Townhouse,Brick,Shake Shingle
385000,2013,369,104,4,3,2512,1984,61855,1,0,0,0,0,0,0,0,45,91,61,3,Single-Family,Combination,Composition Shingle
400000,2008,491,149,4,3,2530,1962,11761,1,2,0,2,0,7,1,2,49,84,65,3,Single-Family,Siding (Alum/Vinyl),Composition Shingle
649900,2006,537,163,4,3,2535,2005,3985,1,9,1,1,1,3,0,3,28,68,60,2,Single-Family,Siding (Alum/Vinyl),Composition Shingle
570910,2005,450,137,4,3,2538,2005,3571,1,54,3,4,4,35,4,8,33,71,65,3,Apartment / Condo / Townhouse,Brick,Composition Shingle
470000,2003,524,159,4,3,2540,1988,8272,1,0,0,0,0,1,0,2,42,97,68,2,Single-Family,Siding (Alum/Vinyl),Composition Shingle
252000,1998,573,174,4,3,2550,1986,14810,1,3,0,0,1,6,0,4,48,86,75,2,Single-Family,Siding (Alum/Vinyl),Composition Shingle
790000,2014,684,237,4,3,2554,1920,7779,1,48,8,2,6,55,5,32,41,64,84,3,Single-Family,Wood Siding,Composition Shingle
670000,2004,597,182,4,3,2554,1995,10890,1,0,0,0,0,4,0,3,43,97,86,3,Single-Family,Siding (Alum/Vinyl),Composition Shingle
565000,2008,655,200,4,3,2560,1960,22215,1,105,14,6,14,87,2,14,39,73,69,3,Single-Family,Brick,Composition Shingle
355000,2012,378,107,4,3,2580,1999,11325,1,12,2,0,0,11,2,4,32,88,45,3,Single-Family,Combination,Composition Shingle
480000,2012,442,135,4,3,2600,1980,11325,1,6,1,0,0,4,0,0,37,87,64,2,Single-Family,Siding (Alum/Vinyl),Composition Shingle
580000,2004,471,143,4,3,2602,2002,3752,1,28,2,1,2,29,1,8,35,93,62,2,Single-Family,Siding (Alum/Vinyl),Composition Shingle
400000,2009,504,153,4,3,2611,1968,10275,1,20,5,2,1,15,1,10,36,91,60,3,Single-Family,Metal,Composition Shingle
610000,2014,483,147,4,3,2612,2004,3227,1,38,4,4,8,32,3,11,32,81,71,3,Apartment / Condo / Townhouse,Brick,Composition Shingle
390224,2012,441,113,4,3,2622,2012,1742,1,0,0,0,0,2,0,1,32,97,80,1,Apartment / Condo / Townhouse,,Composition Shingle
307601,2002,363,103,4,3,2624,2002,5227,1,0,0,0,0,8,0,0,31,80,47,2,Single-Family,Combination,Composition Shingle
225380,2010,471,143,4,3,2640,2007,4033,1,13,11,1,0,25,1,6,37,82,63,3,Single-Family,Siding (Alum/Vinyl),Composition Shingle
496700,2007,378,107,4,3,2642,1961,89297,1,31,6,3,5,32,1,16,38,83,48,3,Single-Family,Brick,
513293,2015,646,197,4,3,2648,1959,10606,1,0,0,1,0,2,1,3,40,86,74,3,Single-Family,Brick,Composition Shingle
469900,2005,330,93,4,3,2657,2002,7239,1,14,3,1,0,12,0,4,39,83,55,2,Single-Family,Siding (Alum/Vinyl),Composition Shingle
615000,2004,598,182,4,3,2659,1986,14810,1,23,3,3,3,17,5,8,48,91,81,1,Single-Family,Siding (Alum/Vinyl),Composition Shingle
635000,2009,753,229,4,3,2660,1957,17859,1,6,1,0,1,8,1,8,43,90,76,3,Single-Family,Brick,Composition Shingle
675000,2007,684,208,4,3,2664,1984,8707,1,36,3,7,6,40,0,14,39,79,76,3,Single-Family,Metal,Composition Shingle
355000,2009,435,123,4,3,2688,1976,51400,1,1,0,0,0,0,0,0,37,72,52,3,Single-Family,Wood Siding,
327570,1997,596,207,4,3,2722,1997,3441,,43,9,3,10,58,7,24,34,71,70,3,Single-Family,Combination,
440000,2004,541,164,4,3,2728,1961,10497,1,23,5,4,8,27,3,12,45,96,72,3,Single-Family,Brick,Composition Shingle
315000,2003,383,108,4,3,2740,1967,47044,1,1,0,0,0,0,2,0,41,67,24,3,Single-Family,Combination,
635000,2012,611,186,4,3,2748,1981,12196,1,18,4,0,3,15,0,6,45,84,81,3,Single-Family,Metal,Composition Shingle
574900,2013,512,156,4,3,2751,1987,10349,1,3,1,0,0,3,0,4,37,85,72,3,Single-Family,Siding (Alum/Vinyl),Composition Shingle
575000,2013,524,159,4,3,2754,1971,20473,1,2,1,1,0,4,0,5,40,87,65,3,Single-Family,Wood,Composition Shingle
735000,2004,655,200,4,3,2768,1980,21344,1,0,0,0,0,0,0,1,47,93,81,3,Single-Family,Wood,Asphalt
370000,2008,513,132,4,3,2774,1999,7840,1,36,3,2,0,58,4,29,34,78,66,3,Single-Family,,Composition Shingle
375000,2009,475,122,4,3,2786,1998,8276,1,4,1,0,2,9,1,3,30,97,55,3,Single-Family,,Composition Shingle
699000,2009,623,207,4,3,2789,1961,10890,1,58,7,9,4,35,17,41,33,47,45,3,Single-Family,Brick,Asphalt
398000,2008,482,147,4,3,2800,1965,11761,1,21,5,2,1,17,1,10,41,80,82,3,Single-Family,Brick,Composition Shingle
293000,1993,646,197,4,3,2801,1981,13503,1,18,4,0,3,15,0,6,45,84,81,3,Single-Family,Metal,Composition Shingle
446815,2008,370,104,4,3,2849,1994,15681,1,7,1,1,0,5,0,2,31,82,65,2,Single-Family,Siding (Alum/Vinyl),
665000,2011,589,179,4,3,2852,1985,8590,1,73,19,15,13,58,2,13,35,63,45,3,Single-Family,Metal,Wood Shake/ Shingles
319550,1996,713,217,4,3,2899,1996,4917,1,88,4,11,19,224,4,22,39,79,76,3,Single-Family,Siding (Alum/Vinyl),Wood Shake/ Shingles
415000,2014,826,274,4,3,2900,1936,5501,1,64,9,9,11,69,8,37,36,59,57,3,Single-Family,Brick,Asphalt
337000,2001,532,162,4,3,2900,1980,15245,1,0,0,0,0,1,0,2,37,85,72,3,Single-Family,Brick,Composition Shingle
446890,2013,427,121,4,3,2902,2012,7239,1,2,0,1,0,2,0,4,33,89,60,2,Single-Family,Siding (Alum/Vinyl),
625000,2012,569,173,4,3,2905,1958,21780,1,19,4,0,3,26,4,15,45,96,72,3,Single-Family,Brick,Composition Shingle
780000,2012,655,199,4,3,2912,1966,21780,1,27,7,4,7,27,0,10,36,66,49,3,Single-Family,Brick,Composition Shingle
264000,1997,758,231,4,3,2922,1986,27878,1,1,0,0,0,1,0,2,50,83,74,3,Single-Family,Brick,Composition Shingle
360000,1995,606,185,4,3,2926,1970,81892,1,0,0,0,0,0,1,0,54,94,80,3,Single-Family,Wood,Other
269900,2013,330,93,4,3,2932,1976,115434,1,0,0,0,0,0,0,0,46,92,35,3,Single-Family,Combination,
475000,2009,737,245,4,3,2938,1939,8416,1,41,6,6,7,55,8,33,45,81,88,3,Single-Family,Brick,Slate
540000,2001,677,234,4,3,2940,1958,11761,1,0,0,0,0,1,0,8,54,87,84,3,Single-Family,Brick veneer,Composition Shingle
374950,2002,445,159,4,3,2944,1993,141134,1,0,0,0,0,0,0,0,39,83,41,2,Single-Family,Siding (Alum/Vinyl),Asphalt
270000,2014,370,105,4,3,2950,1970,84942,1,0,0,0,0,2,0,1,43,89,51,3,Single-Family,Brick,Asphalt
399000,2012,601,118,4,3,2960,1999,26136,1,8,1,1,0,10,0,3,32,78,45,3,Single-Family,Siding (Alum/Vinyl),
381000,2009,386,109,4,3,2978,1981,96703,1,0,0,0,0,0,0,0,45,83,40,3,Single-Family,Wood Siding,
589900,1996,901,274,4,3,2995,1984,17424,1,4,1,0,0,8,3,1,50,69,81,3,Single-Family,Wood,Composition Shingle
598000,2006,863,299,4,3,3000,1949,8250,,42,6,2,6,50,4,19,41,64,84,3,Single-Family,Brick veneer,Composition Shingle
722000,2006,610,186,4,3,3000,1964,13503,1,3,0,0,0,3,2,1,47,81,79,3,Single-Family,Brick,Composition Shingle
580000,2005,508,154,4,3,3005,1989,5013,1,25,1,4,1,22,1,9,40,68,70,2,Single-Family,Siding (Alum/Vinyl),Composition Shingle
308515,1993,610,186,4,3,3005,1993,12196,1,89,22,18,18,92,4,15,35,63,45,3,Single-Family,Siding (Alum/Vinyl),Composition Shingle
700000,2004,713,217,4,3,3017,1976,22651,1,1,0,0,0,1,0,1,47,90,84,3,Single-Family,Brick,Asphalt
352000,1996,687,209,4,3,3020,1972,41817,1,1,0,0,0,0,1,0,47,92,84,3,Single-Family,Brick,Wood Shake/ Shingles
532000,2005,558,193,4,3,3022,1935,5000,,51,7,3,5,53,8,32,31,72,60,3,Single-Family,Brick veneer,Composition Shingle
525000,2015,655,199,4,3,3025,1966,10815,1,0,1,1,0,3,0,0,45,80,80,3,Single-Family,Brick,Composition Shingle
510000,2009,573,174,4,3,3030,1973,10507,1,15,1,1,1,27,0,7,48,91,81,1,Single-Family,Wood,Composition Shingle
645000,2008,643,196,4,3,3032,1972,20473,1,24,5,0,3,36,6,16,31,62,53,3,Single-Family,Brick,Composition Shingle
365000,2015,471,143,4,3,3036,1987,9596,1,26,5,1,4,17,2,10,42,55,72,3,Single-Family,Siding (Alum/Vinyl),Composition Shingle
579000,2011,508,155,4,3,3052,1968,18295,1,33,11,2,1,27,2,7,34,76,43,3,Single-Family,Brick,Composition Shingle
430000,2012,513,124,4,3,3060,1954,10018,,83,17,11,6,83,15,23,40,62,53,3,Single-Family,Siding (Alum/Vinyl),Asphalt
300000,1999,573,174,4,3,3061,1974,15245,1,26,4,0,5,38,6,15,31,62,53,3,Single-Family,Metal,Composition Shingle
665000,2006,552,142,4,3,3068,1993,8712,1,7,2,1,1,5,0,5,42,85,76,3,Single-Family,,Composition Shingle
218250,1998,398,113,4,3,3082,1998,9400,1,12,2,0,0,6,2,7,34,88,36,2,Single-Family,Siding (Alum/Vinyl),Composition Shingle
650000,2006,564,172,4,3,3117,1979,8001,1,24,3,0,4,12,4,13,39,85,61,1,Single-Family,Siding (Alum/Vinyl),Other
291000,2011,348,98,4,3,3137,1974,20473,1,0,0,0,0,0,0,0,38,83,60,3,Single-Family,Combination,
409900,2002,555,143,4,3,3139,1984,10018,1,11,0,0,1,10,1,9,39,72,62,3,Single-Family,,Composition Shingle
472000,2003,573,174,4,3,3142,1996,11761,1,26,1,3,4,16,5,16,36,84,83,3,Single-Family,Metal,Wood Shake/ Shingles
267000,1997,491,149,4,3,3146,1988,8498,1,1,0,2,0,3,1,3,44,100,72,3,Single-Family,Siding (Alum/Vinyl),Composition Shingle
710000,2004,561,171,4,3,3148,2004,5135,1,31,1,4,4,32,0,3,36,61,64,3,Single-Family,Siding (Alum/Vinyl),Composition Shingle
675000,2008,573,174,4,3,3150,2003,3998,1,21,1,4,0,17,1,8,40,68,70,2,Single-Family,Siding (Alum/Vinyl),Composition Shingle
257000,1993,505,154,4,3,3181,1987,8794,1,1,0,1,0,1,1,3,40,99,77,3,Single-Family,Siding (Alum/Vinyl),Composition Shingle
510000,2013,630,162,4,3,3190,1967,49658,1,36,6,5,4,39,1,9,36,84,68,3,Single-Family,,Composition Shingle
585000,2004,644,223,4,3,3200,1952,11761,1,13,3,1,3,18,6,16,40,78,83,3,Single-Family,Brick veneer,Composition Shingle
790000,2011,603,209,4,3,3208,2002,4774,1,74,5,8,6,49,5,25,51,88,71,3,Single-Family,Combination,
399600,2005,363,103,4,3,3214,2005,6534,1,4,1,0,0,2,0,4,40,83,52,1,Single-Family,Combination,Asphalt
495000,2012,528,161,4,3,3234,1987,7287,1,17,2,1,5,22,2,5,40,87,63,3,Single-Family,Metal,Composition Shingle
626774,2005,456,129,4,3,3237,2005,16552,1,1,0,0,0,3,1,2,36,69,51,3,Single-Family,Combination,Composition Shingle
460000,2004,491,149,4,3,3252,1987,10890,1,8,1,2,3,7,2,5,30,85,64,3,Single-Family,Siding (Alum/Vinyl),Composition Shingle
340572,1993,622,189,4,3,3256,1993,8119,1,9,6,0,1,7,0,5,40,91,71,3,Single-Family,Brick,Composition Shingle
206000,1997,370,104,4,3,3268,1987,15681,1,21,3,2,3,26,0,7,34,76,56,3,Single-Family,Siding (Alum/Vinyl),
755005,2005,523,159,4,3,3272,1990,3354,1,20,2,1,3,17,5,13,45,65,76,3,Apartment / Condo / Townhouse,Brick,Composition Shingle
289900,1999,601,154,4,3,3274,1991,13939,1,25,2,3,3,9,2,8,30,95,74,3,Single-Family,,Composition Shingle
461825,2004,532,162,4,3,3280,1974,10789,1,5,3,0,1,14,0,4,42,84,63,1,Single-Family,Brick,Composition Shingle
540000,1994,737,224,4,3,3291,1978,87120,1,2,0,0,0,0,1,1,32,89,87,3,Single-Family,Wood,Composition Shingle
765000,2006,634,193,4,3,3308,1978,32234,1,0,1,0,0,0,0,0,49,91,83,1,Single-Family,Metal,Asphalt
394000,2013,441,107,4,3,3318,1995,12196,1,19,4,0,0,14,2,7,46,69,29,3,Single-Family,Siding (Alum/Vinyl),Asphalt
326500,1996,635,193,4,3,3340,1996,15245,1,34,2,5,5,39,0,7,38,95,64,3,Single-Family,Metal,Composition Shingle
280000,2001,472,114,4,3,3346,1994,9644,1,42,6,7,3,42,11,17,41,89,61,3,Single-Family,Siding (Alum/Vinyl),Asphalt
725000,2008,725,221,4,3,3379,1988,9570,1,16,3,1,2,13,0,9,40,72,86,3,Single-Family,Metal,Composition Shingle
760000,2009,655,199,4,3,3421,2000,10868,1,35,5,3,4,32,2,14,34,76,73,2,Single-Family,Metal,Composition Shingle
699000,2003,699,232,4,3,3433,1992,5308,1,25,5,2,4,26,6,29,31,56,75,3,Single-Family,Siding (Alum/Vinyl),
570000,2014,596,153,4,3,3435,1992,15245,1,2,0,0,0,1,0,6,35,71,54,3,Single-Family,,Composition Shingle
370000,2013,356,101,4,3,3437,2003,3537,1,4,1,0,0,1,0,5,36,70,39,1,Single-Family,Siding (Alum/Vinyl),
785000,2005,733,223,4,3,3440,1941,7801,1,141,18,14,17,125,6,35,37,75,50,3,Single-Family,Brick,Composition Shingle
382000,1995,653,217,4,3,3440,1976,14810,1,35,7,1,5,66,2,23,52,71,86,3,Single-Family,Siding (Alum/Vinyl),Asphalt
485000,2003,573,174,4,3,3453,1986,9609,1,10,1,1,2,5,1,7,30,85,64,3,Single-Family,Siding (Alum/Vinyl),Composition Shingle
430000,2009,491,149,4,3,3456,2004,3484,1,9,1,1,1,4,0,4,28,68,60,2,Single-Family,Siding (Alum/Vinyl),Composition Shingle
574000,2004,532,162,4,3,3465,1983,10598,1,29,1,4,7,24,2,9,44,88,76,3,Single-Family,Brick,Composition Shingle
317340,2000,553,168,4,3,3466,2000,12632,1,3,2,0,0,2,0,1,33,58,44,2,Single-Family,Metal,Composition Shingle
386000,2004,320,114,4,3,3478,1988,38768,1,0,0,0,0,0,0,0,39,83,41,3,Single-Family,Wood,Asphalt
300000,1993,1015,337,4,3,3480,1940,10890,1,32,2,5,8,36,8,35,45,81,88,3,Single-Family,Brick,Asphalt
215000,1999,370,105,4,3,3500,1981,20908,1,0,0,0,0,0,1,1,36,69,51,3,Single-Family,Combination,Composition Shingle
576145,2005,528,161,4,3,3504,2004,4199,1,20,3,1,1,12,1,5,34,91,59,2,Single-Family,Siding (Alum/Vinyl),Composition Shingle
483820,2013,562,144,4,3,3513,1997,7840,1,9,2,0,2,4,0,9,38,80,84,2,Single-Family,,Composition Shingle
619000,2006,521,134,4,3,3518,1999,7840,1,36,3,2,0,59,4,29,34,78,66,3,Single-Family,,Composition Shingle
288000,1999,542,139,4,3,3520,1993,8712,1,29,2,3,4,23,2,12,45,78,55,3,Single-Family,,Composition Shingle
582499,2011,573,174,4,3,3528,1996,6006,1,14,3,1,3,13,3,11,41,73,60,3,Single-Family,Siding (Alum/Vinyl),Asbestos
490000,1997,971,337,4,3,3547,1941,8717,1,210,12,35,37,214,13,49,45,61,83,3,Single-Family,Brick veneer,Slate
589000,2005,374,106,4,3,3555,2001,9313,1,2,0,1,0,2,0,1,31,82,65,2,Single-Family,Combination,
729900,2005,606,184,4,3,3558,2001,7771,1,15,1,1,1,22,0,2,38,96,70,3,Single-Family,Siding (Alum/Vinyl),Composition Shingle
367925,2009,431,122,4,3,3575,2009,10454,1,5,0,1,0,8,3,2,32,88,45,3,Single-Family,Combination,
540000,2012,548,167,4,3,3600,1975,16117,1,14,3,1,3,13,3,11,41,73,60,3,Single-Family,Stucco,Asphalt
679000,2015,573,174,4,3,3631,1990,6490,1,6,1,0,0,3,0,0,44,94,78,2,Single-Family,Siding (Alum/Vinyl),Composition Shingle
339900,2003,374,106,4,3,3647,2001,7540,1,14,3,1,0,12,0,3,39,83,55,2,Single-Family,Siding (Alum/Vinyl),Composition Shingle
247437,2000,485,125,4,3,3664,2000,12196,1,16,1,0,3,25,1,6,30,97,55,3,Single-Family,,Composition Shingle
364510,2010,372,105,4,3,3667,2009,4377,1,19,2,1,5,25,2,9,35,94,75,2,Apartment / Condo / Townhouse,Combination,
560000,2008,565,145,4,3,3676,1984,10018,1,14,0,1,2,10,1,9,39,72,62,3,Single-Family,,Composition Shingle
389990,2009,383,108,4,3,3692,2009,7901,1,14,2,0,1,6,2,3,37,69,36,3,Single-Family,Siding (Alum/Vinyl),Composition Shingle
340000,2011,374,106,4,3,3698,2006,4438,1,22,2,1,5,26,2,9,35,94,75,2,Apartment / Condo / Townhouse,Combination,
525000,2003,563,159,4,3,3700,2001,143748,1,0,0,0,0,2,1,1,39,87,60,3,Single-Family,Combination,Composition Shingle
434990,2007,455,117,4,3,3700,2007,7405,1,1,0,0,0,0,0,0,34,89,52,3,Single-Family,,Composition Shingle
428000,2002,532,162,4,3,3757,1994,5321,1,17,2,3,0,5,1,6,43,61,51,2,Single-Family,Metal,Composition Shingle
270585,1999,548,141,4,3,3798,1999,8276,1,37,3,2,1,66,5,28,34,78,66,3,Single-Family,,Composition Shingle
650000,2005,494,127,4,3,3799,1998,23522,1,2,0,2,2,9,2,4,45,82,66,3,Single-Family,,Composition Shingle
210000,1996,491,150,4,3,3813,1977,12196,1,11,6,0,3,12,0,6,37,85,72,3,Single-Family,Siding (Alum/Vinyl),Asphalt
382000,2010,462,131,4,3,3855,2003,7052,1,5,1,1,0,4,0,5,33,100,73,3,Single-Family,Combination,Composition Shingle
800000,2011,672,204,4,3,3857,1955,14374,1,6,3,0,1,5,0,8,43,72,66,3,Single-Family,Brick,Composition Shingle
427747,2013,383,108,4,3,3862,1998,10890,1,13,2,0,0,14,2,10,34,87,56,3,Single-Family,Siding (Alum/Vinyl),Composition Shingle
400000,1998,1061,323,4,3,3867,1964,21780,1,14,3,1,1,30,0,3,39,73,69,3,Single-Family,Brick,Composition Shingle
615000,2008,737,224,4,3,3905,1978,23086,1,1,0,0,0,2,0,0,47,92,84,3,Single-Family,Metal,Composition Shingle
550000,2006,815,237,4,3,3914,1958,15245,1,73,11,9,8,87,5,43,45,60,71,3,Single-Family,Combination,Asphalt
640000,2005,581,149,4,3,3939,1981,28749,1,71,3,11,8,131,6,20,37,42,62,3,Single-Family,,Composition Shingle
615000,2010,614,187,4,3,3961,2003,8848,1,47,9,4,4,43,3,23,41,80,71,3,Single-Family,Siding (Alum/Vinyl),Composition Shingle
549500,2003,626,191,4,3,4000,1976,16552,1,1,0,0,0,3,0,0,48,88,84,3,Single-Family,Metal,"asphalt,shake-shingle"
587859,2000,979,298,4,3,4000,2000,8341,1,122,5,20,25,274,5,30,41,88,81,3,Single-Family,Siding (Alum/Vinyl),Other
560000,2011,630,162,4,3,4033,1998,10454,1,37,6,5,4,44,1,12,38,78,51,3,Single-Family,,Composition Shingle
432000,1995,983,299,4,3,4050,1995,6250,1,54,4,3,6,64,3,18,46,77,88,3,Single-Family,Siding (Alum/Vinyl),Asphalt
799223,2001,961,319,4,3,4114,2001,9745,1,25,3,2,3,32,11,28,39,73,59,3,Single-Family,Brick,
289000,1996,598,182,4,3,4128,1996,13068,1,9,1,0,2,4,0,6,44,94,66,3,Single-Family,Metal,Composition Shingle
421965,2002,582,150,4,3,4128,2002,9583,1,0,0,0,0,4,0,2,32,96,70,3,Single-Family,,Composition Shingle
416200,1994,817,249,4,3,4140,1972,12196,1,39,3,2,8,37,2,22,42,80,78,3,Single-Family,Siding (Alum/Vinyl),Composition Shingle
611400,2015,512,156,4,3,4141,1995,14810,1,8,0,2,2,11,1,3,32,91,65,3,Single-Family,Metal,Composition Shingle
704165,2005,492,139,4,3,4173,2005,9539,1,2,0,0,0,0,0,4,40,83,52,1,Single-Family,Combination,
336500,2000,549,167,4,3,4181,1989,13068,1,0,0,0,0,0,0,1,42,90,74,3,Single-Family,Siding (Alum/Vinyl),Composition Shingle
649069,2005,625,161,4,3,4186,2005,8276,1,3,0,0,0,5,3,3,37,89,70,3,Single-Family,,Composition Shingle
488512,1993,769,234,4,3,4245,1993,36154,1,9,1,1,1,22,0,2,49,94,70,1,Single-Family,Stucco,Composition Shingle
296790,1997,630,162,4,3,4287,1996,10018,1,4,0,0,0,5,0,3,32,96,70,3,Single-Family,,Composition Shingle
362500,2001,519,147,4,3,4293,1987,153331,1,0,0,0,0,0,0,1,36,81,49,3,Single-Family,Combination,Asphalt
292605,2001,436,123,4,3,4300,2000,10484,1,2,0,0,0,2,0,1,31,82,65,2,Single-Family,Siding (Alum/Vinyl),
461000,2003,616,158,4,3,4301,2004,9583,1,42,1,6,1,33,2,11,28,65,60,3,Single-Family,,Composition Shingle
412250,2015,414,117,4,3,4304,2002,6851,1,23,2,1,4,20,2,8,32,78,57,3,Single-Family,Combination,Composition Shingle
800000,2005,1053,321,4,3,4310,1967,20037,1,11,1,1,3,8,0,8,48,79,90,3,Single-Family,Brick,Composition Shingle
560000,2013,462,131,4,3,4341,1984,57063,1,0,0,0,0,0,0,0,51,89,65,3,Single-Family,Siding (Alum/Vinyl),
390000,1999,737,224,4,3,4355,1987,20037,1,1,0,0,0,0,0,0,47,92,84,3,Single-Family,Metal,Composition Shingle
558000,1993,1008,350,4,3,4376,1932,15245,1,40,6,3,4,38,6,22,48,80,97,3,Single-Family,Brick veneer,Slate
719740,2005,545,166,4,3,4377,1988,9678,1,17,1,3,0,5,1,3,41,85,45,3,Single-Family,Metal,Composition Shingle
411430,2000,703,181,4,3,4412,2000,10454,1,7,2,1,1,5,0,8,36,90,71,3,Single-Family,,Composition Shingle
330000,2001,484,137,4,3,4420,2001,50529,1,2,1,0,0,1,0,3,39,83,55,2,Single-Family,Combination,Composition Shingle
439000,2009,440,124,4,3,4501,2006,7840,1,8,2,0,1,4,0,2,32,73,40,2,Single-Family,Combination,Composition Shingle
303000,1998,510,144,4,3,4544,1998,47916,1,0,0,0,0,1,0,0,51,84,59,3,Single-Family,Siding (Alum/Vinyl),
310000,2009,431,122,4,3,4544,1999,11761,1,0,0,0,0,1,0,3,42,84,58,2,Single-Family,Siding (Alum/Vinyl),
390000,2014,975,297,4,3,4600,1962,13068,1,6,1,1,0,19,1,8,39,80,44,2,Single-Family,Brick,Other
375050,1996,635,193,4,3,4662,1987,13939,1,0,0,0,0,3,2,1,49,79,70,3,Single-Family,Brick,Wood Shake/ Shingles
569990,2011,616,174,4,3,4679,2011,21780,1,2,0,1,0,2,0,3,33,89,60,2,Single-Family,,
480729,2004,506,143,4,3,4774,2004,12632,1,7,1,1,0,5,0,3,36,90,65,3,Single-Family,Siding (Alum/Vinyl),
305000,1996,679,175,4,3,4839,1990,16988,1,27,2,3,3,9,1,7,30,95,74,3,Single-Family,,Composition Shingle
450845,2003,492,139,4,3,4924,2003,10881,1,0,0,0,0,0,0,3,42,84,58,2,Single-Family,Siding (Alum/Vinyl),Composition Shingle
719000,2006,693,178,4,3,4993,2006,8276,1,11,1,3,1,14,3,7,33,100,83,3,Single-Family,,Composition Shingle
635000,2012,713,183,4,3,5032,2007,8276,1,11,2,0,1,3,0,8,33,90,78,2,Single-Family,,Other
372500,1994,807,246,4,3,5070,1973,343252,1,0,0,0,0,1,0,0,43,87,66,1,Single-Family,Brick,Asphalt
425000,2002,483,137,4,3,5122,2002,12632,1,20,2,1,1,18,2,5,29,81,41,1,Single-Family,Combination,
701101,2013,721,219,4,3,5535,2003,11325,1,103,12,6,14,90,2,18,42,81,76,3,Single-Family,Siding (Alum/Vinyl),Composition Shingle
488230,1997,922,281,4,3,6346,1997,11761,1,19,4,1,3,15,1,8,37,97,79,3,Single-Family,Brick,Asbestos
435000,2007,315,109,4,4,1428,1971,1785,1,70,3,8,9,47,5,28,45,46,69,3,Apartment / Condo / Townhouse,Brick,Shake Shingle
230000,2000,368,112,4,4,1582,1991,1793,1,10,1,0,2,3,0,5,44,94,66,3,Apartment / Condo / Townhouse,Metal,Composition Shingle
420000,2003,532,162,4,4,1838,1983,7148,1,36,2,1,4,54,1,13,53,87,95,3,Single-Family,Siding (Alum/Vinyl),Composition Shingle
620000,2007,553,168,4,4,1968,1979,217800,1,0,1,0,0,0,0,0,42,94,64,1,Single-Family,Siding (Alum/Vinyl),Composition Shingle
220000,2005,250,71,4,4,2040,1983,2570,1,2,1,0,1,2,1,7,35,77,67,3,Apartment / Condo / Townhouse,Brick,Shake Shingle
724000,2003,661,219,4,4,2072,1900,2435,1,183,8,31,32,282,31,77,42,61,86,3,Single-Family,Siding (Alum/Vinyl),Shake Shingle
379000,2004,397,121,4,4,2105,1985,2300,1,0,0,0,0,3,0,1,41,69,77,3,Apartment / Condo / Townhouse,Brick,Shake Shingle
746559,2009,721,219,4,4,2126,2009,1856,1,97,7,14,20,237,4,27,40,72,86,3,Apartment / Condo / Townhouse,Brick,Composition Shingle
570000,2009,561,171,4,4,2148,1978,2334,1,25,1,0,3,21,2,18,43,61,86,3,Apartment / Condo / Townhouse,Brick,Shake Shingle
409000,2011,422,128,4,4,2157,1992,2545,1,21,2,1,3,14,2,8,44,80,64,3,Apartment / Condo / Townhouse,Brick,Shake Shingle
575000,2012,475,144,4,4,2300,1980,8025,1,12,0,2,1,18,0,7,42,80,63,2,Single-Family,Siding (Alum/Vinyl),Shake Shingle
585000,2009,561,171,4,4,2321,1986,11325,1,19,2,2,1,19,0,8,43,95,77,2,Single-Family,Siding (Alum/Vinyl),Composition Shingle
530000,2013,463,141,4,4,2408,1965,12196,1,6,3,0,1,13,1,5,43,82,76,3,Single-Family,Brick,Composition Shingle
495000,2008,463,141,4,4,2448,2002,2443,1,27,3,1,3,13,1,7,34,71,58,2,Single-Family,Siding (Alum/Vinyl),Composition Shingle
560000,2006,446,115,4,4,2548,2004,3485,1,12,1,1,1,10,0,4,34,67,61,2,Single-Family,,Shake Shingle
415000,2008,387,109,4,4,2649,2007,13068,1,6,0,1,0,8,3,2,32,88,45,3,Single-Family,Combination,
594000,2003,696,212,4,4,2861,1960,31363,1,25,5,1,4,19,2,10,42,55,72,3,Single-Family,Brick,Composition Shingle
404755,2001,590,179,4,4,2900,2001,8633,1,28,1,4,3,31,0,3,38,95,64,3,Single-Family,Brick,Composition Shingle
365000,1998,733,223,4,4,3155,1966,20037,1,16,0,2,1,16,0,4,36,77,54,3,Single-Family,Brick,Composition Shingle
438111,2003,567,146,4,4,3188,2003,6098,1,43,7,2,1,30,5,36,44,72,42,3,Single-Family,,Composition Shingle
334000,1998,532,162,4,4,3272,1988,9140,1,1,0,2,0,1,1,3,40,99,77,3,Single-Family,Siding (Alum/Vinyl),Shake Shingle
761500,2009,654,217,4,4,3280,1938,7309,1,63,7,9,9,38,12,48,45,80,75,3,Single-Family,Siding (Alum/Vinyl),Slate
394000,2012,484,137,4,4,3298,2005,9108,1,14,1,0,1,16,0,5,32,94,62,1,Single-Family,Siding (Alum/Vinyl),Composition Shingle
675000,2009,671,204,4,4,3315,2004,4347,1,45,7,2,4,39,4,18,39,62,81,3,Single-Family,Siding (Alum/Vinyl),Composition Shingle
240800,1995,591,152,4,4,3329,1994,13068,1,34,5,3,3,38,2,8,38,78,51,3,Single-Family,,Asphalt
307000,2002,451,109,4,4,3390,2001,5201,1,16,4,0,3,14,1,7,30,88,34,3,Single-Family,Siding (Alum/Vinyl),Asphalt
522802,2004,616,158,4,4,3535,2004,10018,1,36,7,2,0,29,5,32,44,72,42,3,Single-Family,,Shake Shingle
545500,2002,1135,346,4,4,3605,1950,33541,1,18,4,0,3,15,0,7,45,84,81,3,Single-Family,Block,Composition Shingle
465000,2010,616,158,4,4,3691,2010,8712,1,0,0,0,0,0,0,1,37,74,84,3,Single-Family,,Composition Shingle
385000,2010,423,119,4,4,3737,2006,12632,1,2,1,1,0,6,1,1,35,85,39,3,Single-Family,Siding (Alum/Vinyl),Shake Shingle
442930,1997,860,262,4,4,3742,1997,9040,1,89,4,11,18,231,4,26,41,88,81,3,Single-Family,Siding (Alum/Vinyl),Composition Shingle
550000,2004,811,247,4,4,3750,1962,13503,1,55,8,8,8,81,10,18,45,82,80,3,Single-Family,Brick,Composition Shingle
407000,2013,770,234,4,4,3810,1954,21780,1,22,4,0,1,9,3,2,47,87,67,3,Single-Family,Brick,Composition Shingle
372400,1996,799,243,4,4,3835,1980,32670,1,1,0,0,0,1,0,0,42,89,83,3,Single-Family,Metal,Composition Shingle
678000,2013,573,174,4,4,3868,1978,11761,1,1,0,0,0,1,0,1,43,95,77,2,Single-Family,Siding (Alum/Vinyl),Composition Shingle
404816,2010,423,119,4,4,3902,2010,10232,1,0,0,0,0,1,0,2,42,84,58,2,Single-Family,Combination,Composition Shingle
255000,1997,580,149,4,4,4001,1994,10890,1,30,3,1,2,16,2,35,30,82,62,3,Single-Family,,Asphalt
795000,2007,676,206,4,4,4016,2006,9870,1,9,0,2,2,7,1,3,32,91,65,3,Single-Family,Siding (Alum/Vinyl),Composition Shingle
585000,2008,489,138,4,4,4017,2007,5793,1,2,0,1,0,2,0,4,33,89,60,2,Single-Family,Siding (Alum/Vinyl),
450000,2013,458,129,4,4,4048,2002,6098,1,32,4,4,7,54,0,7,64,46,59,3,Single-Family,Combination,Composition Shingle
740000,2013,664,202,4,4,4050,2010,5501,1,47,8,3,3,40,5,18,44,71,63,3,Single-Family,Brick,Composition Shingle
705000,2015,708,182,4,4,4072,2000,8276,1,7,2,1,1,4,0,6,36,90,71,3,Single-Family,,Composition Shingle
299900,2000,600,154,4,4,4077,1998,6969,1,14,1,1,2,8,2,13,36,88,65,3,Single-Family,,Composition Shingle
356400,2002,467,132,4,4,4165,2002,10044,1,32,4,4,7,54,0,7,64,46,59,3,Single-Family,Combination,Composition Shingle
499977,2009,462,131,4,4,4216,2009,10454,1,2,0,1,0,3,0,1,36,93,37,1,Single-Family,Siding (Alum/Vinyl),
650000,2007,556,169,4,4,4273,1990,13068,1,0,0,0,0,0,0,1,42,90,74,3,Single-Family,Siding (Alum/Vinyl),Composition Shingle
636005,2002,717,218,4,4,4305,2002,9679,1,40,6,4,3,40,3,20,41,80,71,3,Single-Family,Siding (Alum/Vinyl),Composition Shingle
417925,1999,631,219,4,4,4398,1999,5858,1,60,3,6,5,45,5,23,51,88,71,3,Single-Family,Combination,Other
310000,1997,614,187,4,4,4414,1988,13068,1,2,0,0,0,5,0,4,44,94,66,3,Single-Family,Metal,Asphalt
343912,1999,475,134,4,4,4418,1999,8642,1,5,1,1,0,5,0,6,69,47,53,3,Single-Family,Combination,Composition Shingle
689900,2005,541,165,4,4,4454,1988,8367,1,7,0,2,1,5,1,2,34,73,73,3,Single-Family,Metal,Asphalt
540000,2002,901,275,4,4,4472,1962,15245,1,20,4,2,8,33,2,19,37,80,86,3,Single-Family,Brick,Composition Shingle
579480,2005,438,124,4,4,4484,2005,27442,1,0,0,0,0,1,1,2,36,69,51,3,Single-Family,Combination,Composition Shingle
690000,2002,974,297,4,4,4512,1994,10357,1,21,4,1,5,15,1,10,37,97,79,3,Single-Family,Metal,Composition Shingle
507500,1998,901,275,4,4,4515,1995,20037,1,0,0,0,0,0,0,2,45,84,81,3,Single-Family,Siding (Alum/Vinyl),Composition Shingle
397995,2002,519,147,4,4,4613,2002,11325,1,4,1,0,0,1,0,5,29,88,73,1,Single-Family,Siding (Alum/Vinyl),
575000,2002,672,204,4,4,4630,1981,25264,1,15,1,1,1,24,1,4,45,89,61,1,Single-Family,Siding (Alum/Vinyl),Asphalt
395000,2014,1188,362,4,4,4674,2015,9100,1,13,3,2,5,19,1,12,36,47,83,3,Single-Family,Stucco,Composition Shingle
443105,2001,654,168,4,4,4722,2001,9147,1,1,0,0,0,9,3,2,41,86,79,3,Single-Family,,Composition Shingle
600000,2013,557,169,4,4,4729,2004,5135,1,31,1,4,5,33,0,3,36,61,64,3,Single-Family,Siding (Alum/Vinyl),Composition Shingle
420000,2008,466,132,4,4,4729,2005,8555,1,20,2,1,1,18,0,5,33,73,45,2,Single-Family,Combination,Composition Shingle
461155,2009,483,137,4,4,4781,2009,12632,1,9,1,0,0,6,2,3,32,94,62,1,Single-Family,Siding (Alum/Vinyl),
690000,2013,555,157,4,4,4815,2010,10890,1,6,1,1,1,3,2,3,40,88,65,2,Single-Family,Combination,Composition Shingle
525000,2001,682,208,4,4,4868,1989,13939,1,0,0,0,0,5,0,2,47,89,66,3,Single-Family,Siding (Alum/Vinyl),Wood Shake/ Shingles
713250,2005,654,168,4,4,4910,2005,8276,1,7,1,1,1,10,0,7,34,93,72,2,Single-Family,,Composition Shingle
470000,2004,483,137,4,4,4975,2003,8193,1,18,3,1,3,18,0,9,33,90,39,3,Single-Family,Combination,Composition Shingle
710000,2008,737,190,4,4,5117,1999,11761,1,0,0,0,0,3,1,3,45,92,84,3,Single-Family,,composition
757000,2012,751,193,4,4,5141,2004,8712,1,7,2,1,1,5,0,7,36,90,71,3,Single-Family,,Composition Shingle
540000,2000,643,196,4,4,5172,2000,9571,1,1,0,2,0,2,1,3,40,99,77,3,Single-Family,Brick,Composition Shingle
479220,1996,892,272,4,4,5241,1996,31798,1,9,1,1,1,12,1,6,49,82,68,2,Single-Family,Stucco,Composition Shingle
702325,2005,679,174,4,4,5243,2005,19602,1,11,1,3,1,14,4,8,33,100,83,3,Single-Family,,Composition Shingle
570000,2010,660,187,4,4,5471,2010,95396,1,0,0,0,0,4,0,2,43,86,65,3,Single-Family,Combination,Composition Shingle
290000,1994,655,199,4,4,5740,1990,18730,1,54,3,6,4,33,3,10,36,90,50,3,Single-Family,Siding (Alum/Vinyl),Composition Shingle
300000,2000,1799,548,4,4,5800,2002,22215,1,1,0,0,0,2,0,2,47,81,79,3,Single-Family,Brick,Composition Shingle
575000,1998,1015,309,4,4,5920,1998,27442,1,5,1,2,2,5,0,12,44,76,78,3,Single-Family,Metal,Composition Shingle
561875,2002,612,173,4,4,5924,2002,30056,1,0,1,0,0,2,0,3,33,100,73,3,Single-Family,Combination,Asphalt
555000,2009,776,200,4,4,5941,2004,10890,1,16,1,2,4,14,1,9,32,90,77,3,Single-Family,,Composition Shingle
730000,2003,804,207,4,4,6022,2003,9583,1,16,1,2,4,14,0,8,34,86,71,3,Single-Family,,Composition Shingle
728585,2004,731,207,4,4,6050,2004,110206,1,0,0,0,0,1,0,1,36,81,49,3,Single-Family,Combination,Composition Shingle
640000,2013,638,181,4,4,6078,2013,10454,1,2,0,0,0,0,0,1,33,55,47,2,Single-Family,Siding (Alum/Vinyl),
750000,2008,713,202,4,4,7677,2004,62726,1,0,0,0,0,0,0,1,36,81,49,3,Single-Family,,Composition Shingle
630000,2004,540,164,4,5,2720,1980,40510,1,2,0,0,0,12,0,4,47,89,66,3,Single-Family,Brick,Composition Shingle
423000,2010,446,114,4,5,2875,2002,3049,1,6,0,1,0,12,0,1,34,87,76,3,Apartment / Condo / Townhouse,,Asphalt
511275,2007,467,132,4,5,3325,2007,11325,1,7,0,1,0,7,3,2,32,88,45,3,Single-Family,Combination,Asphalt
680000,2015,819,249,4,5,3814,2005,15245,1,3,0,0,0,11,1,5,42,77,50,3,Single-Family,Brick,Composition Shingle
320890,2001,489,138,4,5,4199,2001,6050,1,23,3,4,6,50,0,7,64,46,59,3,Single-Family,Combination,Composition Shingle
740000,2015,784,202,4,5,4687,1964,50529,1,37,6,5,4,44,1,12,38,78,51,3,Single-Family,,Composition Shingle
775000,2007,678,192,4,5,6220,2006,435600,1,0,0,0,0,0,0,1,42,84,38,3,Single-Family,Combination,
256500,1995,462,131,4,6,2696,1988,18295,1,0,0,1,0,6,0,10,37,85,53,3,Single-Family,Siding (Alum/Vinyl),
540000,2005,868,264,4,6,4418,2007,11325,1,70,6,9,14,122,2,17,29,75,45,3,Single-Family,Siding (Alum/Vinyl),Composition Shingle
674691,2002,749,212,4,6,7000,2002,22215,1,0,0,0,0,0,0,1,33,100,73,3,Single-Family,Combination,
200000,2016,250,76,5,1,1008,1950,7444,1,44,9,2,6,32,8,25,49,48,52,3,Single-Family,"Rock, Stone",Composition Shingle
535000,2006,467,142,5,1,1256,1960,11761,1,1,0,0,0,2,0,4,40,86,74,3,Single-Family,Brick,Composition Shingle
570000,2003,729,212,5,1,2600,1953,12196,1,136,21,13,20,125,5,41,37,52,83,3,Single-Family,Brick,Composition Shingle
385545,1998,737,224,5,1,2800,1970,8573,1,0,0,0,0,2,3,6,34,54,72,3,Single-Family,Brick,Composition Shingle
750000,2003,737,224,5,1,3084,1974,217800,1,0,0,0,0,0,0,0,42,94,64,1,Single-Family,Siding (Alum/Vinyl),Wood Shake/ Shingles
525000,1996,1332,462,5,1,6088,1929,22215,1,137,12,31,26,186,16,46,48,54,89,3,Single-Family,Brick,Composition Shingle
309000,2002,368,112,5,2,1008,1959,8637,1,10,6,1,0,17,2,4,40,88,71,3,Single-Family,Brick,Composition Shingle
400250,2003,504,153,5,2,1244,1963,12196,1,27,2,1,2,26,0,10,42,74,67,3,Single-Family,Metal,Other
207000,1999,425,129,5,2,1850,1968,11325,1,1,0,0,0,3,0,5,38,86,73,3,Single-Family,Brick,Asphalt
239000,1998,815,248,5,2,1965,1939,22651,1,69,9,8,9,97,10,23,45,82,80,3,Single-Family,Brick,Composition Shingle
245000,2009,389,118,5,2,1976,1955,10428,1,30,5,2,5,21,1,6,44,79,47,3,Single-Family,Brick,Composition Shingle
280000,2009,348,106,5,2,2000,1961,10607,1,7,2,0,0,9,1,10,45,82,51,3,Single-Family,Wood,Composition Shingle
261105,1999,606,184,5,2,2082,1964,10733,1,4,2,1,0,10,2,3,42,90,88,3,Single-Family,Brick,Composition Shingle
395000,2009,491,149,5,2,2120,1960,22215,1,3,0,0,0,5,0,6,42,87,92,3,Single-Family,Brick,Composition Shingle
467500,2012,450,137,5,2,2240,1970,11325,1,38,8,4,4,24,0,8,38,63,46,3,Single-Family,Brick,Composition Shingle
309000,1996,601,199,5,2,2264,1940,5749,1,44,7,6,8,62,9,36,44,83,81,3,Single-Family,Brick,Asphalt
370000,2013,446,136,5,2,2326,1956,9525,1,10,1,0,1,45,0,11,36,53,56,3,Single-Family,Brick,Composition Shingle
230000,1998,508,154,5,2,2400,1962,12632,1,1,0,0,0,2,0,1,47,81,79,3,Single-Family,Brick,Composition Shingle
223000,1997,504,153,5,2,2644,1966,12196,1,21,5,2,1,17,1,9,41,80,82,3,Single-Family,Brick,Composition Shingle
792000,2015,654,199,5,2,2854,1959,16988,1,0,0,0,0,1,1,3,46,80,86,3,Single-Family,Brick,Composition Shingle
269900,2000,430,131,5,2,2868,1988,8703,1,0,0,0,0,2,1,5,37,79,75,3,Single-Family,Siding (Alum/Vinyl),Composition Shingle
529000,2011,483,147,5,2,3134,1979,27442,1,22,6,2,2,22,3,14,41,80,71,3,Single-Family,Brick,Composition Shingle
490000,2004,545,166,5,2,3312,1983,12196,1,56,4,7,10,73,10,24,45,65,76,3,Single-Family,Siding (Alum/Vinyl),Composition Shingle
258790,1993,600,154,5,2,3821,1993,9582,1,37,6,5,4,44,1,12,38,78,51,3,Single-Family,,Composition Shingle
430000,2007,393,120,5,3,1209,1969,13503,1,7,2,0,1,14,0,8,40,76,64,3,Single-Family,Siding (Alum/Vinyl),Composition Shingle
469500,2005,359,109,5,3,1242,1983,8398,1,13,3,0,0,11,1,6,42,77,50,3,Single-Family,Siding (Alum/Vinyl),Composition Shingle
477500,2010,575,199,5,3,1365,1950,7422,1,60,10,4,7,62,5,32,39,86,81,3,Single-Family,Brick,Composition Shingle
509000,2009,483,147,5,3,1388,1967,13068,1,6,3,0,1,12,1,3,43,82,76,3,Single-Family,Brick,Composition Shingle
410000,2015,569,173,5,3,1506,1950,6250,1,81,11,10,7,90,4,20,44,73,57,3,Single-Family,Siding (Alum/Vinyl),Composition Shingle
500000,2004,450,137,5,3,1506,1963,20037,1,32,9,2,1,23,2,7,34,76,43,3,Single-Family,Brick,Composition Shingle
300000,2013,299,85,5,3,1512,1971,10010,,25,7,4,5,32,1,8,36,89,29,3,Single-Family,Combination,
515000,2015,508,154,5,3,1568,1954,16117,1,23,0,4,2,15,2,11,43,70,52,2,Single-Family,Brick,Composition Shingle
295000,1996,655,199,5,3,1601,1965,40510,1,0,0,0,0,1,0,0,42,89,83,3,Single-Family,Brick,Composition Shingle
305000,2010,358,92,5,3,1718,1973,8712,1,23,6,1,0,13,1,7,33,87,44,3,Single-Family,,Composition Shingle
450000,2004,487,148,5,3,1764,1977,10245,1,6,1,0,1,7,0,6,36,92,76,2,Single-Family,Siding (Alum/Vinyl),Composition Shingle
200000,2010,410,99,5,3,1792,1978,10275,1,24,4,2,2,17,4,12,41,81,48,3,Single-Family,Siding (Alum/Vinyl),Asphalt
450000,2007,385,117,5,3,1798,1970,1827,1,21,5,2,1,17,0,8,41,80,82,3,Apartment / Condo / Townhouse,Brick,Composition Shingle
272000,2008,363,103,5,3,1800,2001,6229,1,21,4,1,0,9,0,5,29,88,28,2,Single-Family,Siding (Alum/Vinyl),Composition Shingle
231840,2011,512,156,5,3,1877,1955,14810,1,0,0,0,0,4,0,8,48,74,76,3,Single-Family,Brick,Composition Shingle
235000,1996,487,148,5,3,1908,1966,21780,1,91,6,16,11,74,3,19,41,75,56,3,Single-Family,Brick,Composition Shingle
450000,2008,520,158,5,3,1948,1971,12632,1,15,1,1,1,23,3,6,45,83,80,1,Single-Family,Brick,Composition Shingle
482000,2004,422,128,5,3,1966,1963,11761,1,20,5,2,1,21,1,7,44,77,56,3,Single-Family,Brick,Composition Shingle
494000,2004,430,131,5,3,2048,1975,8420,1,8,2,0,2,10,2,9,40,68,63,3,Single-Family,Brick,Composition Shingle
445000,2015,391,119,5,3,2089,1964,15681,1,34,11,2,1,26,1,5,34,78,32,3,Single-Family,Brick,Composition Shingle
440000,2016,532,162,5,3,2134,1992,6346,1,7,1,0,2,5,1,3,35,90,51,3,Single-Family,Siding (Alum/Vinyl),Composition Shingle
257000,2012,515,157,5,3,2144,1944,7692,1,80,12,10,5,85,4,19,44,73,57,3,Single-Family,Brick,Composition Shingle
279000,1999,489,149,5,3,2249,1979,10815,1,26,3,1,5,30,0,9,39,86,71,1,Single-Family,Brick,Composition Shingle
558500,2003,733,223,5,3,2268,1972,17424,1,1,0,0,0,1,1,2,42,93,83,3,Single-Family,Brick,Composition Shingle
265000,2010,416,107,5,3,2275,1968,11325,1,47,6,5,4,61,1,12,29,69,50,3,Single-Family,,Asphalt
543000,2003,655,200,5,3,2282,1976,28749,1,0,0,0,0,0,1,2,43,89,87,3,Single-Family,Siding (Alum/Vinyl),Composition Shingle
799000,2011,696,212,5,3,2282,1978,21780,1,0,0,0,0,1,1,2,43,89,87,3,Single-Family,Metal,Composition Shingle
717900,2005,557,169,5,3,2334,1988,14374,1,0,0,0,0,2,0,0,45,90,82,2,Single-Family,Siding (Alum/Vinyl),Composition Shingle
368095,2013,396,112,5,3,2346,2000,7901,1,10,1,0,0,9,0,3,28,90,62,2,Single-Family,Siding (Alum/Vinyl),Composition Shingle
332815,2004,334,94,5,3,2347,2004,3189,1,4,1,0,0,1,0,5,36,70,39,1,Single-Family,Siding (Alum/Vinyl),
388000,2010,450,137,5,3,2464,1957,10890,1,8,2,1,2,25,1,9,45,74,31,3,Single-Family,Brick,Shake Shingle
778500,2005,532,162,5,3,2530,1986,8955,1,24,1,2,3,8,1,7,30,85,64,3,Single-Family,Siding (Alum/Vinyl),Composition Shingle
275000,1993,644,196,5,3,2637,1968,15681,1,11,2,0,1,13,0,5,45,84,81,3,Single-Family,Brick,Shake Shingle
450000,2006,378,107,5,3,2640,2006,7405,1,14,2,0,1,7,2,3,37,69,36,3,Single-Family,Siding (Alum/Vinyl),Composition Shingle
336500,1994,762,232,5,3,2700,1980,13503,1,28,2,4,3,21,5,14,43,94,77,3,Single-Family,Brick,Composition Shingle
665000,2004,635,193,5,3,2704,1980,10890,1,26,4,0,3,37,6,14,31,62,53,3,Single-Family,Metal,Composition Shingle
300000,2000,491,149,5,3,2792,2000,4713,1,16,3,1,1,11,1,5,32,57,75,2,Single-Family,Metal,Composition Shingle
578000,2011,655,199,5,3,2810,1967,40075,1,0,0,0,0,1,0,2,51,94,85,3,Single-Family,Brick,Wood Shake/ Shingles
430965,2001,581,177,5,3,2835,2001,11325,1,35,4,2,5,16,1,8,36,66,73,3,Single-Family,Siding (Alum/Vinyl),Composition Shingle
349900,1995,629,218,5,3,2868,1988,53578,1,61,4,4,7,54,6,26,51,88,71,3,Single-Family,Combination,
279000,1997,598,182,5,3,2876,1974,20037,1,6,0,0,2,4,0,4,44,88,88,3,Single-Family,Brick,Composition Shingle
701900,2013,631,192,5,3,2913,1966,21344,1,17,1,0,1,18,0,5,48,88,78,3,Single-Family,Brick,Composition Shingle
628000,2005,532,162,5,3,2920,1978,12196,1,1,0,1,0,2,0,4,47,81,79,3,Single-Family,Brick,Asphalt
440000,2008,504,130,5,3,2944,1986,11325,1,10,2,1,1,4,0,3,37,86,53,3,Single-Family,,Composition Shingle
410000,2002,676,206,5,3,2961,1962,12632,1,4,0,1,0,8,3,4,46,80,86,3,Single-Family,Brick,Composition
224950,2000,506,100,5,3,2990,1997,8886,1,6,0,0,0,0,0,5,39,54,50,3,Single-Family,,
524900,2009,489,149,5,3,3022,1973,9557,1,32,3,2,1,24,1,11,44,77,53,2,Single-Family,Siding (Alum/Vinyl),Composition Shingle
486460,2009,450,137,5,3,3060,1962,29185,1,21,1,4,1,12,1,9,42,80,63,2,Single-Family,Brick,Composition Shingle
315000,1999,600,183,5,3,3064,1996,9848,1,6,1,0,1,3,0,1,45,90,82,2,Single-Family,Siding (Alum/Vinyl),Composition Shingle
257000,1995,626,191,5,3,3100,1970,21780,1,75,6,3,8,74,4,25,36,61,61,3,Single-Family,Brick,Composition Shingle
225000,1999,446,136,5,3,3110,1999,9949,1,0,0,1,0,0,0,1,32,91,65,3,Single-Family,Siding (Alum/Vinyl),Composition Shingle
275000,2014,396,112,5,3,3120,1975,47916,1,6,1,0,0,4,0,2,46,92,47,3,Single-Family,Combination,
387000,2003,533,137,5,3,3132,2001,6098,1,31,2,6,4,14,2,17,32,82,92,3,Single-Family,,Composition Shingle
724900,2014,614,187,5,3,3136,1963,14810,1,0,0,0,0,2,1,3,40,86,74,3,Single-Family,Brick,Composition Shingle
349000,2009,525,103,5,3,3158,2001,8450,1,7,0,1,0,10,0,5,32,78,45,3,Single-Family,Siding (Alum/Vinyl),
520510,2003,495,140,5,3,3247,2003,11325,1,5,0,1,0,6,1,0,36,90,65,3,Single-Family,Combination,
525000,2005,378,107,5,3,3300,1998,7496,1,11,1,0,0,6,0,7,34,88,36,2,Single-Family,Siding (Alum/Vinyl),Composition Shingle
793260,2012,696,212,5,3,3314,1962,13503,1,4,1,0,0,8,3,1,47,80,81,3,Single-Family,Brick,Composition Shingle
465000,2009,572,147,5,3,3337,1997,6098,1,0,0,1,0,5,0,1,33,98,83,2,Single-Family,,Composition Shingle
591000,2008,688,209,5,3,3348,1987,15681,1,70,14,5,5,88,3,16,43,73,41,3,Single-Family,Metal,Composition Shingle
265000,1999,463,141,5,3,3351,1993,6111,1,8,1,0,2,5,1,5,33,71,65,3,Single-Family,Siding (Alum/Vinyl),Composition Shingle
517000,2006,439,124,5,3,3379,1975,76665,1,0,0,0,0,0,0,0,46,92,35,3,Single-Family,Combination,composition
345000,2011,419,118,5,3,3384,2005,58370,1,1,0,0,0,4,1,3,32,85,42,3,Single-Family,Combination,Composition Shingle
418000,2014,718,249,5,3,3400,1948,5783,1,74,10,12,5,33,16,37,33,79,55,3,Single-Family,Asbestos shingle,Composition Shingle
238000,1996,758,231,5,3,3400,1970,16988,1,1,0,1,0,5,0,5,48,88,78,3,Single-Family,Brick,Composition Shingle
614000,2007,504,153,5,3,3400,1991,8520,1,4,0,1,1,8,1,1,40,99,77,3,Single-Family,Siding (Alum/Vinyl),Composition Shingle
750000,2014,717,218,5,3,3417,1957,26571,1,4,1,0,0,8,3,1,47,80,81,3,Single-Family,Brick,Composition Shingle
710000,2010,724,221,5,3,3421,1969,37897,1,16,4,0,2,16,2,4,39,79,73,3,Single-Family,Brick,Composition Shingle
480000,2009,668,172,5,3,3434,2005,6970,1,19,4,1,2,14,1,10,31,77,69,1,Single-Family,,Composition Shingle
410000,2002,598,182,5,3,3456,1999,8398,1,17,2,1,0,41,2,9,38,77,43,3,Single-Family,Siding (Alum/Vinyl),Composition Shingle
335000,2008,390,110,5,3,3544,2002,6638,1,14,3,1,0,12,0,4,39,83,55,2,Single-Family,Combination,Composition Shingle
350165,1999,680,207,5,3,3595,1999,5519,1,26,3,2,6,37,1,10,39,85,55,3,Single-Family,Metal,Composition Shingle
412500,2015,396,112,5,3,3600,2009,43560,1,0,0,0,0,0,0,3,36,69,51,3,Single-Family,Siding (Alum/Vinyl),
600000,2003,568,161,5,3,3602,1996,47480,1,0,0,0,0,0,0,0,43,94,68,3,Single-Family,Combination,
626000,2015,601,155,5,3,3602,1997,5662,1,7,2,1,1,5,0,4,39,81,74,3,Single-Family,,Composition Shingle
568000,2003,676,206,5,3,3645,1978,26571,1,10,2,2,3,21,2,7,43,91,86,3,Single-Family,Metal,Composition Shingle
575000,2002,614,187,5,3,3668,1976,24829,1,2,0,1,1,4,0,6,43,91,86,3,Single-Family,Wood,Composition Shingle
485000,2007,408,115,5,3,3699,2001,10641,1,4,1,0,0,1,0,5,29,88,73,1,Single-Family,Siding (Alum/Vinyl),Composition Shingle
331605,2002,365,103,5,3,3726,2002,5122,1,1,1,0,1,4,1,0,32,73,40,2,Single-Family,Siding (Alum/Vinyl),Composition Shingle
575000,2014,598,182,5,3,3738,2000,21780,1,18,13,1,0,35,1,5,45,78,68,3,Single-Family,Siding (Alum/Vinyl),Composition Shingle
215351,1994,461,112,5,3,3774,1994,12196,1,3,0,0,0,4,1,6,35,78,53,3,Single-Family,Siding (Alum/Vinyl),Asphalt
542199,2004,484,137,5,3,3778,2004,15681,1,5,0,1,0,7,0,1,30,100,75,3,Single-Family,Combination,Composition Shingle
267579,2000,431,122,5,3,3790,2000,9239,1,9,1,0,0,8,0,3,28,90,62,2,Single-Family,Siding (Alum/Vinyl),Composition Shingle
290000,1997,577,148,5,3,3792,1996,6969,1,24,2,4,3,13,3,14,30,95,74,3,Single-Family,,Asphalt
379862,2003,400,113,5,3,3796,2003,6098,1,0,0,0,0,6,0,2,31,80,47,2,Single-Family,Siding (Alum/Vinyl),
620000,2010,671,204,5,3,3810,1954,12632,1,6,3,0,1,5,0,8,46,71,62,3,Single-Family,Brick,Asphalt
408900,2008,440,125,5,3,3838,2006,10153,1,3,0,1,0,5,1,1,34,93,42,3,Single-Family,Combination,Composition Shingle
293159,1996,581,149,5,3,3882,1996,8712,1,20,3,0,3,10,0,11,38,80,84,2,Single-Family,,Composition Shingle
225000,1996,453,128,5,3,3890,1983,20037,1,10,3,2,1,17,1,9,49,89,70,3,Single-Family,Siding (Alum/Vinyl),Asphalt
700000,2005,572,162,5,3,3898,1987,20908,1,10,3,2,1,17,1,9,49,89,70,3,Single-Family,Siding (Alum/Vinyl),
302839,1996,646,197,5,3,3902,1996,10166,1,1,0,0,0,3,0,9,44,89,87,3,Single-Family,Siding (Alum/Vinyl),Composition Shingle
265000,1998,639,164,5,3,3939,1997,9147,1,20,1,5,2,8,1,9,33,100,83,3,Single-Family,,Composition Shingle
640000,2013,645,166,5,3,3944,1999,12632,1,63,3,7,7,39,3,23,38,77,71,3,Single-Family,,Composition Shingle
395000,1998,1004,306,5,3,4000,1984,10502,1,58,5,4,7,79,5,24,47,41,78,3,Single-Family,Other,Composition Shingle
291754,2000,553,142,5,3,4000,2000,11761,1,12,0,2,2,23,1,12,37,97,74,3,Single-Family,,Composition Shingle
585000,2004,654,199,5,3,4005,1982,10890,1,26,5,0,3,39,6,14,31,62,53,3,Single-Family,Metal,Composition Shingle
790000,2015,654,199,5,3,4047,1986,30927,1,11,2,0,2,13,1,3,37,100,82,3,Single-Family,Brick,Composition Shingle
392500,2001,815,248,5,3,4081,1960,22215,1,0,0,0,0,2,0,1,48,90,83,3,Single-Family,Brick,Composition Shingle
642500,2007,601,155,5,3,4082,1996,7405,1,7,2,1,1,5,0,4,39,81,74,3,Single-Family,,Composition Shingle
670000,2007,561,171,5,3,4092,1989,13068,1,0,0,0,0,0,0,1,42,90,74,3,Single-Family,Siding (Alum/Vinyl),Composition Shingle
650000,2009,697,179,5,3,4100,1995,7840,1,7,2,1,1,5,0,5,42,85,76,3,Single-Family,,Composition Shingle
326795,1994,713,217,5,3,4167,1994,17424,1,6,1,0,0,3,0,0,44,94,78,2,Single-Family,Siding (Alum/Vinyl),Composition Shingle
427585,2009,413,117,5,3,4223,2009,10319,1,0,0,0,0,1,1,0,42,84,58,2,Single-Family,Combination,Composition Shingle
543657,2010,654,168,5,3,4293,2010,6969,1,11,1,3,1,15,3,5,33,100,83,3,Single-Family,,Composition Shingle
612080,2008,549,167,5,3,4300,1987,14810,1,0,0,0,0,0,0,1,45,87,71,3,Single-Family,Siding (Alum/Vinyl),Composition Shingle
588703,2004,489,138,5,3,4301,2004,43995,1,0,0,0,0,1,0,1,36,81,49,3,Single-Family,Combination,Composition Shingle
373500,2011,427,121,5,3,4350,1993,10001,1,31,6,3,5,33,1,15,38,83,48,3,Single-Family,Siding (Alum/Vinyl),
571600,2000,1049,320,5,3,4368,1998,231303,1,0,0,0,0,0,0,5,49,91,83,1,Single-Family,Metal,Composition Shingle
590000,2012,598,154,5,3,4399,1998,8712,1,30,2,2,0,42,4,13,32,78,76,3,Single-Family,,Other
714000,2012,630,192,5,3,4461,1969,16988,1,14,3,1,3,13,3,11,46,78,77,3,Single-Family,Brick,Composition Shingle
524048,2010,582,150,5,3,4466,2006,7405,1,8,2,1,0,12,1,3,32,97,80,1,Single-Family,,Composition Shingle
560000,2006,481,117,5,3,4485,1989,16117,1,66,12,11,7,85,9,26,47,86,42,3,Single-Family,Siding (Alum/Vinyl),Asphalt
242940,1994,606,156,5,3,4489,1994,12196,1,35,1,2,1,41,4,15,32,82,45,3,Single-Family,,Composition Shingle
443000,2008,453,128,5,3,4490,2008,6168,1,5,0,0,1,3,0,2,34,84,52,2,Single-Family,Combination,Composition Shingle
500000,2009,484,137,5,3,4516,2002,11325,1,0,0,0,0,0,0,3,42,84,58,2,Single-Family,Combination,Composition Shingle
800000,2003,1090,362,5,3,4518,1979,10328,1,34,2,5,8,48,7,36,45,81,88,3,Single-Family,Brick,Wood Shake/ Shingles
730000,2006,659,201,5,3,4581,1988,13939,1,0,0,0,0,2,0,0,45,90,82,2,Single-Family,Metal,Composition Shingle
280000,1997,489,138,5,3,4602,1997,44431,1,0,0,0,0,2,0,0,39,87,60,3,Single-Family,Combination,
715000,2004,650,167,5,3,4603,2001,8276,1,2,0,0,0,4,2,4,39,74,70,3,Single-Family,,Composition Shingle
715000,2009,655,199,5,3,4630,1970,15245,1,1,0,2,0,1,2,2,43,91,82,3,Single-Family,Brick,Composition Shingle
550000,2005,1200,349,5,3,4681,2006,11761,1,57,9,4,5,68,2,22,40,87,84,3,Single-Family,Combination,Composition Shingle
650000,2013,594,168,5,3,4684,1994,82328,1,0,0,0,0,0,0,0,43,94,68,3,Single-Family,Combination,
290875,1999,582,149,5,3,4686,1999,6969,1,68,3,7,7,57,3,25,38,77,71,3,Single-Family,,Composition Shingle
549000,2009,679,174,5,3,4739,1997,23958,1,0,0,1,0,3,0,1,33,98,83,2,Single-Family,,Composition Shingle
780000,2012,637,194,5,3,4771,1987,15245,1,1,0,1,0,1,1,3,40,99,77,3,Single-Family,Metal,Wood Shake/ Shingles
480496,2011,533,137,5,3,4873,2011,16988,1,0,0,0,0,0,0,0,34,89,52,3,Single-Family,,Other
429625,2003,492,139,5,3,4884,2003,13939,1,5,0,1,0,6,1,0,36,90,65,3,Single-Family,Combination,Other
460000,2000,572,162,5,3,4900,1989,46173,1,0,0,0,0,1,0,0,51,84,59,3,Single-Family,Combination,
378500,1996,729,222,5,3,4900,1996,26136,1,11,2,0,4,6,2,6,49,82,68,2,Single-Family,Siding (Alum/Vinyl),Composition Shingle
399126,2011,502,142,5,3,4908,2000,13939,1,0,0,0,0,0,0,3,42,84,58,2,Single-Family,Siding (Alum/Vinyl),Composition Shingle
565962,2013,467,132,5,3,4910,2013,17859,1,0,0,0,0,0,0,3,36,69,51,3,Single-Family,,
370000,1999,643,196,5,3,4954,1998,9008,1,0,0,0,0,2,0,0,45,90,82,2,Single-Family,Siding (Alum/Vinyl),Composition Shingle
615000,2003,736,224,5,3,5018,1991,9583,1,17,2,1,6,20,1,4,38,98,86,3,Single-Family,Brick,Wood Shake/ Shingles
484395,2005,528,149,5,3,5050,2005,10637,1,0,0,0,0,5,0,0,30,100,75,3,Single-Family,Combination,Composition Shingle
700000,2006,559,158,5,3,5300,1997,20037,1,5,1,0,0,4,0,2,34,93,54,3,Single-Family,Combination,
786175,2004,635,193,5,3,5493,2004,10798,1,35,2,5,5,42,0,7,38,95,64,3,Single-Family,Siding (Alum/Vinyl),Composition Shingle
550000,1998,897,231,5,3,7216,1994,141134,1,0,0,0,0,0,1,0,37,91,69,3,Single-Family,,Composition Shingle
355000,2000,1210,420,5,4,1544,1951,8224,1,18,0,2,3,17,4,31,44,84,61,3,Single-Family,Brick veneer,Composition Shingle
700000,2015,1416,412,5,4,1847,1905,10001,1,75,11,10,7,87,5,36,36,81,80,3,Single-Family,Siding (Alum/Vinyl),Metal
630000,2010,614,187,5,4,1915,1961,10820,1,35,6,4,10,35,3,13,45,96,72,3,Single-Family,Brick,Composition Shingle
405600,2007,339,96,5,4,1916,2000,3707,1,2,0,1,0,3,0,1,31,82,65,2,Single-Family,Siding (Alum/Vinyl),Asphalt
720000,2015,623,189,5,4,2114,1954,15245,1,17,5,1,2,16,1,6,36,86,50,3,Single-Family,"Rock, Stone",Composition Shingle
597100,2014,541,165,5,4,2162,1979,10128,1,15,1,1,1,26,2,8,48,91,81,1,Single-Family,Brick,Shake Shingle
367000,2015,285,81,5,4,2302,2002,5846,1,19,3,1,0,8,0,2,28,83,39,2,Single-Family,Siding (Alum/Vinyl),Composition Shingle
480000,2012,564,172,5,4,2379,1981,24829,1,15,1,1,1,19,1,3,51,90,81,3,Single-Family,Metal,Composition Shingle
635000,2014,564,172,5,4,2700,1942,5624,1,136,18,14,17,116,5,31,37,75,50,3,Single-Family,Siding (Alum/Vinyl),Composition Shingle
590000,2012,564,172,5,4,2743,1948,23958,1,10,1,0,0,2,0,7,48,74,76,3,Single-Family,Brick,Composition Shingle
385000,2011,386,109,5,4,2821,2006,10101,1,0,0,0,0,0,0,3,36,69,51,3,Single-Family,Siding (Alum/Vinyl),Composition Shingle
499000,2001,936,325,5,4,3000,1924,9796,1,202,11,40,26,132,11,75,29,49,93,3,Single-Family,Siding (Alum/Vinyl),Asphalt
660000,2000,1061,323,5,4,3044,1984,20037,1,0,0,0,0,0,0,1,49,85,87,3,Single-Family,Brick,Shake Shingle
703000,2013,639,194,5,4,3046,1964,20037,1,34,2,6,5,32,0,6,44,89,46,3,Single-Family,Brick,Composition Shingle
265000,1997,524,159,5,4,3060,1981,12632,1,10,4,0,2,15,1,8,42,92,74,3,Single-Family,Wood,Composition Shingle
465000,2004,608,119,5,4,3060,2000,8886,1,7,0,1,0,10,0,3,32,78,45,3,Single-Family,Combination,
782000,2004,786,239,5,4,3144,1997,28314,1,5,2,0,1,10,0,5,40,69,84,3,Single-Family,Siding (Alum/Vinyl),Composition Shingle
630765,2006,383,108,5,4,3172,2005,10890,1,0,0,0,0,0,0,4,36,69,51,3,Single-Family,Siding (Alum/Vinyl),Composition Shingle
620375,2006,396,112,5,4,3185,2005,4721,1,2,0,1,0,3,0,1,33,92,64,2,Single-Family,Siding (Alum/Vinyl),
292000,1996,594,181,5,4,3244,1959,33105,1,2,1,0,0,5,2,6,45,96,72,3,Single-Family,Brick,Composition Shingle
550000,2008,548,167,5,4,3250,2006,4181,1,64,6,4,7,30,3,14,33,62,51,3,Single-Family,Siding (Alum/Vinyl),Composition Shingle
550000,2009,532,162,5,4,3256,2009,4791,1,9,1,1,1,5,1,3,34,91,59,2,Single-Family,Siding (Alum/Vinyl),Composition Shingle
700000,2006,696,212,5,4,3320,1954,10826,1,52,13,4,7,44,2,11,35,80,87,3,Single-Family,Brick,Composition Shingle
498900,2010,729,222,5,4,3366,1936,23522,1,91,5,11,16,165,4,21,41,88,81,3,Single-Family,Metal,Composition Shingle
502000,1995,1053,321,5,4,3380,1979,23958,1,0,0,0,0,0,0,4,49,85,87,3,Single-Family,Brick,Shake Shingle
653888,2005,1228,374,5,4,3500,1958,10890,1,61,5,4,7,78,5,25,44,87,92,3,Single-Family,Brick,Composition Shingle
680000,2011,655,199,5,4,3525,1976,41817,1,20,1,1,6,107,3,3,35,69,80,3,Single-Family,Siding (Alum/Vinyl),Composition Shingle
525000,2010,495,151,5,4,3560,2009,6664,1,7,0,2,1,5,1,2,32,91,65,3,Single-Family,Siding (Alum/Vinyl),Composition Shingle
655000,2015,1007,349,5,4,3587,1938,5754,1,139,9,18,24,111,6,60,32,93,100,3,Single-Family,Siding (Alum/Vinyl),Composition Shingle
715000,2009,646,197,5,4,3705,1999,6973,1,21,5,2,1,16,0,11,39,70,52,3,Single-Family,Siding (Alum/Vinyl),Composition Shingle
335450,1998,659,201,5,4,3732,1998,6642,1,1,0,0,0,3,0,6,44,89,87,3,Single-Family,Siding (Alum/Vinyl),Shake Shingle
639900,2013,516,157,5,4,3766,1989,14374,1,0,0,0,0,0,0,0,35,97,73,3,Single-Family,Metal,Asphalt
789000,2015,809,208,5,4,3809,1995,8276,1,7,2,1,1,5,0,5,42,85,76,3,Single-Family,,Asphalt
300000,2012,614,187,5,4,3959,1974,12196,1,38,2,1,4,33,4,23,43,61,86,3,Single-Family,Metal,Composition Shingle
602504,2014,550,156,5,4,3965,2014,7954,1,6,2,0,0,1,0,2,33,55,47,2,Single-Family,Siding (Alum/Vinyl),
401403,2002,582,149,5,4,3967,2002,8276,1,42,7,2,1,34,5,37,44,72,42,3,Single-Family,,Asphalt
770000,2005,711,217,5,4,3984,2004,18295,1,52,13,4,7,46,2,12,35,80,87,3,Single-Family,Siding (Alum/Vinyl),Composition Shingle
360000,2011,409,116,5,4,3992,2005,10454,1,1,0,0,0,3,0,3,32,85,42,3,Single-Family,Combination,Composition Shingle
468309,2011,533,137,5,4,4026,2011,27442,1,0,0,0,0,0,0,0,34,89,52,3,Single-Family,,Composition Shingle
483140,2004,615,158,5,4,4057,2004,13503,1,28,1,2,3,44,0,7,30,97,55,3,Single-Family,,Composition Shingle
495000,1996,860,262,5,4,4129,1979,87120,1,2,0,0,0,0,1,1,32,89,87,3,Single-Family,Wood,Composition Shingle
615000,2004,646,197,5,4,4153,2001,8071,1,18,2,1,6,18,1,4,40,87,63,3,Single-Family,Brick,Composition Shingle
350300,2001,502,142,5,4,4194,2000,19166,1,0,0,0,0,0,2,2,29,88,73,2,Single-Family,Combination,Shake Shingle
497415,2002,598,182,5,4,4211,2002,8524,1,0,0,0,0,1,0,3,40,91,71,3,Single-Family,Metal,Composition Shingle
475000,1993,1057,322,5,4,4214,1970,87120,1,0,0,0,0,0,0,3,44,88,69,3,Single-Family,Brick,Asbestos
433000,2012,433,155,5,4,4235,2000,58370,1,1,0,0,2,1,3,6,39,83,41,2,Single-Family,Brick,Asphalt
399000,1997,696,212,5,4,4240,1992,10632,1,7,2,0,1,4,1,3,42,97,79,3,Single-Family,Siding (Alum/Vinyl),Composition Shingle
350000,2003,739,225,5,4,4252,2010,22215,1,47,7,2,5,25,1,7,33,46,63,3,Single-Family,Other,Composition Shingle
404000,2011,665,131,5,4,4254,1994,11761,1,6,0,0,0,0,0,5,39,54,50,3,Single-Family,Siding (Alum/Vinyl),
400000,2012,501,142,5,4,4351,1997,26571,1,75,8,9,4,88,3,19,31,87,48,3,Single-Family,Siding (Alum/Vinyl),
681000,2015,679,174,5,4,4362,2000,13068,1,20,1,5,2,8,1,10,32,82,92,3,Single-Family,,Composition Shingle
433680,2013,500,122,5,4,4389,2012,8925,1,41,8,4,5,37,1,17,34,79,31,3,Single-Family,Siding (Alum/Vinyl),Asphalt
270774,2000,671,132,5,4,4394,2000,12632,1,7,0,1,0,8,0,5,39,54,50,3,Single-Family,Siding (Alum/Vinyl),
280000,1998,676,206,5,4,4400,1977,26571,1,1,0,0,0,2,0,5,42,87,92,3,Single-Family,Siding (Alum/Vinyl),Shake Shingle
680000,2015,1065,324,5,4,4424,1968,40075,1,1,0,0,1,0,0,4,51,94,85,3,Single-Family,Brick,Composition Shingle
550000,1998,983,300,5,4,4440,1963,54885,1,1,0,0,0,2,0,2,53,93,93,3,Single-Family,Brick,Composition Shingle
528000,2011,483,137,5,4,4444,2011,10890,1,11,3,1,1,5,0,4,26,87,43,3,Single-Family,Combination,
492200,2008,431,122,5,4,4448,2005,10018,1,0,0,0,0,0,0,3,36,69,51,3,Single-Family,Combination,Composition Shingle
421770,1999,737,224,5,4,4520,1999,5544,1,81,14,5,5,49,0,21,42,65,65,3,Single-Family,Stucco,Composition
749990,2012,721,219,5,4,4563,2011,9456,1,13,2,1,1,10,2,17,56,58,54,3,Single-Family,Siding (Alum/Vinyl),Composition Shingle
670000,2003,819,249,5,4,4607,1998,8376,1,72,6,9,13,128,1,21,40,72,86,3,Single-Family,Siding (Alum/Vinyl),Composition Shingle
463003,2000,713,217,5,4,4659,2000,36154,1,0,0,0,0,1,0,0,44,100,84,2,Single-Family,Siding (Alum/Vinyl),Composition Shingle
617000,2012,646,197,5,4,4672,1988,20037,1,0,0,0,0,4,0,2,47,89,66,3,Single-Family,Siding (Alum/Vinyl),Wood Shake/ Shingles
550000,2005,860,262,5,4,4693,2006,16988,1,11,2,1,1,16,1,8,41,76,56,3,Single-Family,Brick,Composition Shingle
352790,1995,672,205,5,4,4700,1995,7649,1,23,2,2,4,29,1,5,39,85,55,3,Single-Family,Metal,Composition Shingle
329000,1999,614,187,5,4,4720,1988,10890,1,1,0,2,0,2,1,3,40,99,77,3,Single-Family,Metal,Wood Shake/ Shingles
689900,2007,590,180,5,4,4729,2004,5131,1,31,1,4,4,30,0,3,36,61,64,3,Single-Family,Siding (Alum/Vinyl),Asphalt
471200,2014,484,137,5,4,4786,2004,10027,1,6,1,1,1,5,3,5,35,94,75,3,Single-Family,Combination,
675000,2005,899,312,5,4,4792,1927,7335,1,152,9,25,26,110,10,72,40,41,90,3,Single-Family,Brick veneer,Composition Shingle
714000,2006,675,174,5,4,4792,1999,10454,1,26,2,4,3,13,2,14,30,95,74,3,Single-Family,,Composition Shingle
692914,2013,655,199,5,4,4872,2002,8433,1,18,2,1,2,27,2,7,38,77,43,3,Single-Family,Siding (Alum/Vinyl),Composition Shingle
575000,2009,675,206,5,4,4902,2006,20908,1,5,0,1,1,8,0,0,45,73,77,3,Single-Family,Siding (Alum/Vinyl),Composition Shingle
490746,2002,506,143,5,4,4944,2002,43560,1,0,0,0,0,0,1,1,43,86,50,3,Single-Family,Siding (Alum/Vinyl),Composition Shingle
690550,2000,979,298,5,4,5000,1987,30056,1,1,0,0,0,1,0,0,42,89,83,3,Single-Family,Brick,Wood Shake/ Shingles
400000,2012,1217,371,5,4,5003,2013,21344,1,45,5,4,6,77,7,19,41,80,78,3,Single-Family,Siding (Alum/Vinyl),Composition Shingle
639283,2006,480,136,5,4,5018,2006,7514,1,4,0,0,0,8,2,2,35,85,39,3,Single-Family,Combination,Other
500369,1995,914,278,5,4,5024,1995,27442,1,4,0,0,2,3,0,3,44,88,88,3,Single-Family,Brick,Composition Shingle
708000,2015,1223,424,5,4,5035,1951,16552,1,17,0,2,3,17,4,27,44,84,61,3,Single-Family,Brick veneer,Composition Shingle
526104,2002,598,169,5,4,5061,2002,83635,1,1,0,0,0,2,0,0,38,83,60,3,Single-Family,Combination,
508000,2011,582,149,5,4,5077,2011,16552,1,0,0,0,0,0,0,0,34,89,52,3,Single-Family,,Composition Shingle
644900,2004,668,172,5,4,5107,2000,13939,1,1,0,0,0,2,0,1,30,94,84,3,Single-Family,,Wood Shake/ Shingles
735000,2006,669,172,5,4,5142,1997,8712,1,20,1,5,2,8,1,10,32,82,92,3,Single-Family,,Composition Shingle
745000,2013,678,192,5,4,5149,2001,435600,1,0,0,0,0,1,1,0,46,92,35,3,Single-Family,Wood Siding,
670542,2013,608,172,5,4,5244,2013,7705,1,9,1,0,0,6,2,2,41,67,24,2,Single-Family,Combination,
575000,2011,644,166,5,4,5249,1999,8276,1,63,3,7,7,39,3,24,38,77,71,3,Single-Family,,Asphalt
751677,1999,1024,312,5,4,5260,1999,37026,1,0,0,0,0,2,0,3,42,87,92,3,Single-Family,Brick,Composition Shingle
640000,2013,1220,423,5,4,5300,1953,7975,1,32,6,4,6,39,6,37,39,66,80,3,Single-Family,Brick,Composition Shingle
427950,1996,758,231,5,4,5354,1996,11761,1,1,0,0,0,3,0,8,47,51,77,3,Single-Family,Brick,Composition Shingle
692353,2002,881,268,5,4,5365,2002,37897,1,15,1,1,1,26,2,9,48,91,81,1,Single-Family,Siding (Alum/Vinyl),Composition Shingle
655600,2012,1049,319,5,4,5370,1988,41817,1,0,0,0,0,0,1,0,47,93,81,3,Single-Family,Brick,Asphalt
750000,2008,819,249,5,4,5480,1998,10502,1,1,0,1,0,8,1,4,52,72,28,2,Single-Family,Metal,Composition Shingle
570000,2011,1147,349,5,4,5480,2012,11325,1,5,0,0,0,6,1,9,38,70,89,3,Single-Family,Brick,Composition Shingle
444788,1996,892,272,5,4,5600,1994,33541,1,3,0,0,0,3,0,2,45,99,82,3,Single-Family,Brick,Composition Shingle
365000,2007,799,243,5,4,5654,2015,10175,1,36,5,3,2,38,1,4,44,72,42,3,Single-Family,Brick,Composition Shingle
649415,2012,766,197,5,4,5708,2011,18295,1,0,0,0,0,0,0,1,37,74,84,3,Single-Family,,Composition Shingle
438000,1998,769,234,5,4,5742,1998,36154,1,2,0,0,0,11,0,3,47,89,66,3,Single-Family,Block,Composition Shingle
650000,2004,727,187,5,4,5809,2002,30056,1,4,0,1,0,4,0,8,37,64,55,3,Single-Family,,Asphalt
575000,2010,668,189,5,4,5933,2003,436035,1,0,0,0,0,0,0,0,42,84,38,3,Single-Family,Siding (Alum/Vinyl),
709233,2007,771,198,5,4,5950,2007,15245,1,25,2,6,2,11,2,12,32,82,92,3,Single-Family,,Composition Shingle
760825,2005,920,237,5,4,5956,2004,24393,1,14,3,1,3,10,0,8,33,98,83,2,Single-Family,,Composition Shingle
507175,2001,742,191,5,4,6000,2000,14810,1,11,0,4,1,4,0,8,32,82,92,3,Single-Family,,Other
751000,2015,1292,448,5,4,6025,1951,10024,1,9,0,0,0,9,3,12,44,92,81,3,Single-Family,Brick veneer,Composition Shingle
690000,1996,1310,399,5,4,6096,1995,217800,1,0,0,0,0,2,0,1,48,82,76,3,Single-Family,Siding (Alum/Vinyl),Other
649900,2003,881,268,5,4,6127,1995,126324,1,0,0,0,0,1,0,0,45,89,72,2,Single-Family,Metal,Asbestos
750000,2012,704,199,5,4,6243,2006,435600,1,1,1,0,0,0,0,0,43,89,51,3,Single-Family,Brick,
785000,2014,1433,437,5,4,6464,2014,13939,1,51,4,3,5,64,3,18,41,94,96,3,Single-Family,Other,Composition Shingle
279875,1995,1509,523,5,4,6468,1952,10890,1,0,0,0,0,2,4,15,22,77,83,3,Single-Family,Brick veneer,Composition Shingle
698733,1994,1053,321,5,4,6518,1994,75358,1,0,0,0,0,0,1,1,46,76,87,3,Single-Family,Brick,Composition Shingle
629513,2002,790,203,5,4,6584,2002,175111,1,0,0,0,0,0,1,1,49,78,72,3,Single-Family,,Composition Shingle
660743,1999,1065,324,5,4,6662,1999,25264,1,8,2,0,2,12,0,6,44,89,87,3,Single-Family,Siding (Alum/Vinyl),Composition Shingle
700000,2014,700,198,5,4,6946,2006,13068,1,15,1,2,2,11,2,6,40,84,74,3,Single-Family,Combination,Composition Shingle
765000,2008,824,212,5,4,7001,2004,27007,1,14,3,1,3,10,0,8,33,98,83,2,Single-Family,,Composition Shingle
535000,2015,1209,368,5,5,1365,1951,10010,1,30,2,2,2,41,3,25,46,75,66,3,Single-Family,Siding (Alum/Vinyl),Composition Shingle
439000,2013,737,224,5,5,3320,1947,16117,1,4,1,1,0,8,3,1,50,69,81,3,Single-Family,Siding (Alum/Vinyl),Shake Shingle
488085,2009,550,156,5,5,3696,2009,16988,1,2,0,1,0,2,0,1,33,92,64,1,Single-Family,Combination,
706095,2004,614,187,5,5,3720,2004,10606,1,12,10,1,0,22,0,6,37,82,63,3,Single-Family,Siding (Alum/Vinyl),Composition Shingle
215000,1999,696,212,5,5,4053,1961,11325,1,71,7,6,9,87,4,31,42,74,67,3,Single-Family,Siding (Alum/Vinyl),Shake Shingle
700000,2010,660,187,5,5,4189,2006,351529,1,0,0,0,0,1,0,0,41,67,24,3,Single-Family,Siding (Alum/Vinyl),Composition Shingle
460000,1999,1127,343,5,5,4313,1964,20037,1,6,1,0,1,8,1,6,46,83,87,3,Single-Family,Brick,Composition Shingle
800000,2010,799,243,5,5,4600,1964,21780,1,1,0,0,0,2,0,4,40,86,74,3,Single-Family,Brick,Composition Shingle
798000,2010,938,286,5,5,4632,2003,8712,1,58,6,7,11,95,4,25,42,76,64,3,Single-Family,Siding (Alum/Vinyl),Composition Shingle
755000,2002,936,325,5,5,4658,1968,20473,1,15,2,0,1,17,4,17,47,80,91,3,Single-Family,Brick veneer,Asphalt
350000,2003,963,293,5,5,5000,1952,13503,1,22,0,4,3,19,2,21,37,90,74,3,Single-Family,Siding (Alum/Vinyl),Composition Shingle
535000,2013,506,143,5,5,5262,2002,10454,1,23,2,2,2,26,2,9,29,81,41,1,Single-Family,Combination,
771760,2006,506,143,5,5,5270,2006,11761,1,0,0,0,0,1,0,3,42,84,58,2,Single-Family,Combination,Composition Shingle
720000,1996,1024,312,5,5,5368,1993,40946,1,4,1,2,2,4,0,6,48,90,83,3,Single-Family,Brick,Composition Shingle
600000,2014,1141,396,5,5,5410,1951,6777,1,32,6,4,6,40,6,39,39,66,80,3,Single-Family,Brick veneer,Composition Shingle
590000,2006,1295,395,5,5,5621,1962,10890,1,42,4,2,3,48,1,17,42,74,67,3,Single-Family,Brick,Other
576475,2002,897,273,5,5,5810,2002,8777,1,13,2,0,1,17,0,6,35,70,73,3,Single-Family,Wood,Wood Shake/ Shingles
320000,2013,1057,322,5,5,5984,2015,16988,1,42,5,4,7,35,3,11,37,70,62,3,Single-Family,Siding (Alum/Vinyl),Composition Shingle
665500,2014,1256,436,5,5,6133,1950,10001,1,34,1,7,4,39,5,32,39,78,74,3,Single-Family,Brick veneer,Composition Shingle
231000,2010,799,243,5,5,6346,2011,10890,1,45,7,2,4,25,1,7,33,46,63,3,Single-Family,Siding (Alum/Vinyl),Asphalt
743500,1998,1127,343,5,5,6357,1989,76665,1,3,0,0,0,4,0,2,35,91,85,3,Single-Family,Brick,Other
535000,2012,1106,337,5,5,6438,1949,20473,1,57,7,4,9,88,9,26,33,74,80,3,Single-Family,"Rock, Stone",Composition Shingle
765000,2009,868,223,5,5,6508,2007,47044,1,0,0,0,0,1,0,1,37,74,84,3,Single-Family,,Composition Shingle
280000,2010,860,262,5,5,6542,2011,43995,1,1,0,1,0,1,1,4,44,100,72,3,Single-Family,Stucco,Composition Shingle
691331,1999,860,262,5,5,6966,1999,62290,1,0,0,0,0,1,0,1,46,93,65,3,Single-Family,Siding (Alum/Vinyl),Other
649000,2005,1146,349,5,5,7034,2006,25700,1,1,0,0,0,2,0,4,42,87,92,3,Single-Family,Wood,Composition Shingle
569000,1994,1024,312,5,5,7165,1991,43995,1,9,1,1,1,11,1,6,49,82,68,2,Single-Family,Brick,Wood Shake/ Shingles
370000,2004,1045,318,5,5,7578,2008,87120,1,0,0,0,0,1,0,2,47,92,84,3,Single-Family,Siding (Alum/Vinyl),Composition Shingle
235000,2006,1061,323,5,5,7594,2006,36154,1,8,1,0,1,5,4,2,52,85,57,2,Single-Family,Brick,Composition Shingle
760000,2008,881,249,5,5,7842,2003,436035,1,0,0,0,0,0,0,0,48,76,62,2,Single-Family,Combination,
555000,2003,1966,599,5,5,8450,2004,91911,1,7,2,1,1,4,0,3,35,91,85,3,Single-Family,Other,Composition Shingle
385000,2002,1250,381,5,6,6381,2004,224334,1,0,0,0,0,3,0,1,46,76,87,3,Single-Family,Stucco,Composition Shingle
690000,2015,1553,473,5,6,6501,1956,23086,1,45,7,5,7,41,3,11,42,73,61,3,Single-Family,Brick,Composition Shingle
600000,1999,942,287,5,6,7064,1995,217800,1,5,1,1,1,8,2,2,43,87,66,1,Single-Family,Metal,Composition Shingle
759900,2009,803,245,5,6,7500,2006,8886,1,18,2,4,0,5,1,6,43,61,51,2,Single-Family,Siding (Alum/Vinyl),Asphalt
735000,2015,1459,444,5,6,7515,1958,10497,1,0,0,0,1,2,2,5,37,80,86,3,Single-Family,Brick,Composition Shingle
